date,ticker,price,mom_12m,pct_from_high,rsi,max_drop,day_5,day_10,day_15,day_21,day_42,day_63,day_84,day_105,day_126,year,quarter,ret_hold,ret_exit_50,ret_exit_100,ret_exit_200,ret_max
1999-02-18,AMZN,2.237499952316284,7.821349727592006,-0.5152335818990468,31.302514206544416,-0.04469269576030488,0.3966480744569252,0.34217877824194676,0.5069832936501806,0.5090785001846079,0.9217878356973623,0.5593578095538989,0.2437153660377922,0.34217877824194676,0.2639665073835171,1999,1999Q1,-1.0,-1.0,-1.0,-1.0,-0.627560868664126
1999-06-14,AMZN,2.299999952316284,3.5245927935244223,-0.5621654027258133,37.072225127971414,-0.0706521339137064,0.3423913736424524,0.20312527372785794,0.37907611554759724,0.46739133476985706,-0.002717349896583343,0.3763587656510139,0.8464673466572004,0.5652173822904127,1.319293484880478,1999,1999Q2,-1.0,-1.0,-1.0,-1.0,-0.41123221738578003
1999-07-27,AMZN,2.5250000953674316,1.4131412138417359,-0.5193337292206799,39.41699487216183,-0.15346535962301733,-0.060643580950611176,-0.09900989725056653,0.08168314634707818,0.3155940474861807,0.2871286642573645,0.6386137239583185,0.6188118578160406,0.7821781505101968,0.3712871146896244,1999,1999Q3,-1.0,-1.0,-1.0,-1.0,0.2788779968584778
1999-08-04,SCHW,17.864547729492188,2.1627975769879706,-0.5081730242100978,13.613744318662725,-0.2497102870672403,0.034182923048145186,0.1778195735972279,0.1490918164184114,0.05446090653082458,-0.08748657935668036,0.05784073059547934,0.03285228281192487,0.0007346654469575498,-0.03307467899358629,1999,1999Q3,-0.7243776750534475,-0.7243776750534475,-0.7243776750534475,-0.7243776750534475,1.0809190588936692
1999-09-28,CSGP,2.3062500953674316,2.0750001271565757,-0.5195312492238979,21.531102836401132,-0.30623308068115396,-0.11382115418054617,-0.27371278783647124,-0.19783200115288624,0.02710026988206704,-0.002710089015801942,0.30081295433921285,0.5934958483896706,0.5609755038553252,0.7777776629118607,1999,1999Q3,-1.0,0.5,1.0,-1.0,1.5519423390096163
1999-10-01,SCHW,15.728072166442871,1.6768586016921816,-0.5669921071745588,29.585699932238242,-0.14779216131574435,0.030710682382736554,-0.12667911668383347,-0.02495155401571869,0.19385760885574221,0.1520326818710971,0.1750735610713483,0.09443060514080726,0.38675869791795203,0.751695101630304,1999,1999Q4,-1.0,-1.0,-1.0,-1.0,0.23160134429786966
1999-10-01,CSGP,2.262500047683716,1.9193549900471778,-0.5286458421291573,27.63157652575765,-0.29281768392451835,-0.13259671390182082,-0.20441992734582537,0.08287292643019262,0.03314919164775221,0.012430960040203942,0.5856353678490367,0.43646405812333966,0.6132596766591007,0.6298342197937892,1999,1999Q4,-1.0,0.5,-1.0,-1.0,1.440147366037653
2000-03-15,INCY,62.9375,4.56353591160221,-0.5512477718360071,19.444444444444443,-0.6256206554121152,-0.012909632571996066,-0.3445878848063555,-0.24826216484607744,-0.31678252234359483,-0.45829195630585895,-0.3679245283018868,-0.2760675273088381,-0.4081429990069514,-0.3634558093346574,2000,2000Q1,2.028798411122145,0.5,1.0,2.0,4.213505461767627
2000-03-16,REGN,27.099702835083008,2.6949154129166857,-0.517699072687333,27.843867404227538,-0.360091804300506,0.35779810444065885,0.05275221108823591,-0.032110108854495056,-0.360091804300506,-0.032110108854495056,-0.13532118308432073,0.12155954698635973,0.22935766902267862,0.13532104231904052,2000,2000Q1,-0.95,0.5,1.0,2.0,2.00076503583755
2000-03-20,MSTR,86.75,8.253333333333334,-0.7228434504792333,43.5326842837274,-0.8004322766570605,0.3025936599423631,-0.11095100864553309,-0.3357348703170029,-0.5914985590778098,-0.7240634005763689,-0.510806916426513,-0.6138328530259366,-0.7665706051873199,-0.6959654178674352,2000,2000Q1,4.79971181556196,0.5,1.0,2.0,5.670268972142171
2000-03-21,SRPT,75.0,3.166666666666667,-0.522673031026253,12.890625,-0.48750000000000004,-0.020000000000000018,-0.050000000000000044,0.07000000000000006,-0.20999999999999996,-0.19999999999999996,-0.12,-0.355,-0.46499999999999997,-0.355,2000,2000Q1,1.9583333333333333,0.5,1.0,2.0,3.0625000000000004
2000-04-03,SRPT,77.25,2.6140350877192984,-0.5083532219570406,37.80487804878049,-0.5024271844660194,0.12621359223300965,-0.37378640776699024,-0.24757281553398058,-0.30097087378640774,-0.18446601941747576,-0.23786407766990292,-0.441747572815534,-0.28640776699029125,-0.43203883495145634,2000,2000Q2,2.6003236245954695,0.5,1.0,2.0,3.1868932038834954
2000-04-03,INCY,41.0625,3.301145662847791,-0.7072192513368984,29.94281045751633,-0.426179604261796,0.11111111111111116,-0.06316590563165903,-0.019786910197869156,-0.0578386605783866,-0.20243531202435316,0.04414003044140036,0.020547945205479534,0.009893455098934467,-0.03196347031963476,2000,2000Q2,-0.733637747336377,0.5,-0.733637747336377,-0.733637747336377,2.5514967021816335
2000-04-03,VRSN,98.17572021484375,1.8952679747032528,-0.5390315918103225,17.30729604023925,-0.16144162209646062,0.3092173444881632,-0.05037523834154689,-0.0482315632283522,0.10168806741141334,0.5637727998129947,0.5723470339960373,0.22990346351377133,0.7052516271259568,0.6452302781889585,2000,2000Q2,-1.0,-1.0,-1.0,-1.0,0.3453468508038386
2000-04-03,MSTR,77.125,7.226666666666667,-0.7535942492012779,17.26961157654226,-0.7755267423014587,-0.25283630470016205,-0.6029173419773095,-0.5931928687196111,-0.679092382495948,-0.706645056726094,-0.6231766612641816,-0.7179902755267423,-0.6385737439222042,-0.646677471636953,2000,2000Q2,4.388978930307942,0.5,1.0,2.0,5.462722852512156
2000-04-04,REGN,22.12727928161621,3.0,-0.606194673743286,41.887065636642184,-0.21629217381470167,-0.0028089657615114616,0.11797751017212477,0.17415725639719182,0.31179769929783174,0.08426974863605219,0.3511235647548627,0.3005618362517861,0.5337078908345241,0.3370786497483378,2000,2000Q2,-1.0,-1.0,-1.0,-1.0,0.8024347817891807
2000-04-04,BB,12.75,5.762429799044311,-0.510007982460577,34.99784104171037,-0.6715686274509804,0.07189544976926321,-0.4901960784313726,-0.47549019607843135,-0.46160133212220433,-0.48039215686274506,-0.3562091752594593,-0.32924839094573377,0.05882352941176472,0.3439543480966605,2000,2000Q2,-1.0,0.5,1.0,2.0,4.5964052287581705
2000-04-12,BIIB,26.8125,2.225563909774436,-0.5304633450048315,27.255755032010413,-0.28671328671328666,-0.0380729906486742,-0.27894332636764274,-0.10955710955710951,-0.024086976662660242,0.2859363333606497,0.42191142191142195,0.6907536433293269,0.6907536433293269,1.0421522447279283,2000,2000Q2,-1.0,0.5,1.0,-1.0,1.3892773892773889
2000-04-12,NTAP,42.031394958496094,2.867805343513125,-0.5283410317367365,20.244480406816677,-0.11135614839269803,0.0683571425589371,0.19184095736193996,0.1973533432356671,0.02646075911317536,0.5181917718903082,0.6681370718727555,0.5644980095800813,0.9261294732262155,1.146637069785315,2000,2000Q2,-1.0,-1.0,-1.0,-1.0,-0.0720320967275164
2000-04-14,NVDA,0.13140714168548584,2.6209229334020954,-0.5390494593624626,40.151769440475114,0.0,0.11378198586076849,0.337270813545576,0.29002932897163536,0.3663371579836401,0.8914364256211655,1.122188097318118,1.0699518199293672,1.016806553070198,0.8932510026553016,2000,2000Q2,-1.0,-1.0,-1.0,-1.0,-0.8
2000-04-14,SWKS,27.960718154907227,1.7999992741894513,-0.5316748463607837,21.254323919734176,-0.2928571287268318,0.2553574757721442,0.5017865926794483,0.5446435338142193,0.491071743458102,0.5357145610117255,0.3553576872395583,0.0785718773306181,0.23571447233184228,-0.19999974078187965,2000,2000Q2,0.6666645065156639,0.5,0.6666645065156639,0.6666645065156639,1.4404760727235983
2000-04-14,FCEL,36855.0,3.846153846153846,-0.6088825214899714,8.639308855291574,0.0,0.08424908424908417,0.20879120879120872,0.11721611721611724,0.19413919413919412,0.5201465201465201,1.0805860805860807,1.3443223443223444,3.967032967032967,3.9194139194139197,2000,2000Q2,-1.0,-1.0,-1.0,-1.0,-0.8
2000-04-14,CTSH,1.2882760763168335,1.9138377758523273,-0.5008943113687,18.634193445327114,-0.0967742383228849,0.26881717445141007,0.5201603280439995,0.7060928894775282,0.7562722064158793,0.29032262243469265,0.2544806101097239,0.1523299635240376,0.048387396763328594,0.0071685135057482086,2000,2000Q2,-0.8,-0.8,-0.8,-0.8,-0.19354801397595917
2000-05-19,QCOM,27.623733520507812,2.5563841271702454,-0.5026145138090934,33.919803640063535,-0.40574614342317417,-0.2592850190764322,-0.24597018309729224,-0.08409221094938046,-0.2943234287974308,-0.2929217653612646,-0.33006267023651237,-0.13104351702351313,-0.16117672614506928,-0.01261324473899783,2000,2000Q2,-0.8948896271750181,0.5,1.0,-0.8948896271750181,2.381217861859785
2000-05-23,LRCX,2.2472121715545654,1.8325900989078416,-0.5241846489417812,20.000005358602365,-0.4113475361654899,0.2151298006650264,0.4680851108976709,0.46099296047282845,0.5886524107868758,0.06146597561867062,0.04964547735497282,-0.0945626068710903,-0.27186764063537905,-0.3380614866641961,2000,2000Q2,1.8171790555349676,0.5,1.0,1.8171790555349676,2.427896134712416
2000-05-23,KLAC,24.463327407836914,1.041150596621983,-0.5227713224083991,27.592228811068537,-0.43548342957012764,0.06586085000821384,0.23387174427477553,0.14247390948374572,0.32526934516279615,0.12634473763840148,0.19623706194741874,0.060484199500866476,-0.25940833921924267,-0.3844081345541095,2000,2000Q2,2.2034011212842457,0.5,1.0,2.0,2.629028579751064
2000-06-06,FFIV,21.03125,1.1365079365079365,-0.7301523656776263,56.28626692456479,-0.4205052005943536,0.10846953937592874,0.04606240713224374,0.18722139673105498,0.1263001485884101,0.0846953937592867,0.450222882615156,-0.2109955423476969,-0.06686478454680533,-0.4205052005943536,2000,2000Q2,2.5042100049529465,0.5,1.0,2.0,2.5042100049529465
2000-07-03,SRPT,58.875,1.532258064516129,-0.6252983293556086,21.686746987951807,-0.5859872611464968,-0.07006369426751591,-0.16560509554140124,-0.23566878980891715,-0.26751592356687903,-0.06369426751592355,-0.2547770700636943,-0.36305732484076436,-0.3821656050955414,-0.5605095541401274,2000,2000Q3,3.670912951167728,0.5,1.0,2.0,3.8832271762208066
2000-07-03,INCY,42.875,2.0625,-0.6942959001782532,52.33766233766234,-0.4737609329446064,0.23615160349854225,0.1047740524781342,0.04664723032069973,-0.022594752186588907,-0.03279883381924198,-0.07288629737609331,-0.14577259475218662,-0.3819241982507289,-0.4737609329446064,2000,2000Q3,2.948007774538387,0.5,1.0,2.0,2.948007774538387
2000-07-03,CTSH,1.246719241142273,1.8346457183780953,-0.516994317585097,22.489091757085333,-0.08518585203493634,0.1555549648463761,0.38888822487227537,0.3810176837610997,0.24444392598027265,0.26666659654651226,0.15370331467850362,0.21481408103218902,0.09629613551574034,-0.01851917899371014,2000,2000Q3,-0.8456735083857488,-0.8456735083857488,-0.8456735083857488,-0.8456735083857488,-0.2901178997088638
2000-07-03,BB,8.15625,1.2761629926249474,-0.6865492240740456,52.247875403741425,0.0,0.08301400955609428,0.303959170520534,0.1954022988505748,0.08556836592283279,0.5440613026819923,1.1098338160021552,1.0434228889786876,0.328224737525443,0.19284805940942285,2000,2000Q3,-1.0,-1.0,-1.0,-1.0,-0.8
2000-07-14,REGN,27.59694480895996,2.389312667745391,-0.5088495193708602,55.789469377286636,-0.2680180944486762,0.03378371326832941,-0.11261272313352355,0.05855849162335902,0.08333326997838864,0.1509008347440175,-0.06081086358065424,-0.07657656879341379,0.2612612550347311,0.252252181892461,2000,2000Q3,-1.0,-1.0,-1.0,-1.0,1.233484120405635
2000-08-17,TECH,7.714197635650635,1.65168559768358,-0.5016891538084521,25.624402475782077,-0.3491525601833866,0.23220280575070418,0.2949152374744597,0.21610189737879182,0.22118638174614724,0.416948672706408,0.3576268038171957,-0.02372899480740487,-0.18644102474711555,-0.29830524399263314,2000,2000Q3,1.4858770332719429,0.5,1.0,1.4858770332719429,1.9096046681948884
2000-09-12,TRMB,5.2291669845581055,1.8685711027184881,-0.5004974820720616,39.23304735031803,-0.4402391386456652,-0.3147411383068107,-0.3027889477983484,-0.3247012362718781,-0.3924303766118159,-0.1494023813557792,-0.1015936193219299,-0.20517933118725473,-0.3366534267803404,-0.40637447728771936,2000,2000Q3,2.3864539773976614,0.5,1.0,2.0,2.668659488713877
2000-09-28,AMD,23.625,1.749090909090909,-0.5026315789473684,31.14285714285714,-0.4206349206349206,-0.005291005291005346,-0.044973544973545,-0.07671957671957674,-0.13492063492063489,-0.24867724867724872,-0.3941798941798942,0.016719596095816858,-0.11322748093377977,0.12338628213872349,2000,2000Q3,-0.95,0.5,1.0,2.0,2.505291005291005
2000-10-02,TRMB,3.7291669845581055,1.0813951569676674,-0.6437810641616138,28.8235256102664,-0.3072627141291686,-0.07821236908024032,-0.1536313570645843,-0.019553156203528377,0.061452338238735305,-0.039106312407056754,0.02793278802347121,-0.019553156203528377,-0.17877101972603227,-0.3072627141291686,2000,2000Q4,1.5605226177430718,0.5,1.0,1.5605226177430718,1.5605226177430718
2000-10-02,INCY,39.75,3.746268656716418,-0.7165775401069518,53.125,-0.7122641509433962,-0.10534591194968557,-0.21855345911949686,0.0062893081761006275,-0.07861635220125784,-0.33333333333333337,-0.4323899371069182,-0.2987421383647799,-0.570754716981132,-0.6827673042345347,2000,2000Q4,4.68972753528779,0.5,1.0,2.0,4.935534591194969
2000-10-02,AMD,23.25,1.6013986013986012,-0.5105263157894737,32.634730538922156,-0.41129032258064513,-0.037634408602150504,-0.12365591397849462,-0.05913978494623651,-0.026881720430107503,-0.34408602150537637,-0.3817204301075269,0.10580641223538301,-0.005161326418640755,0.018494636781754004,2000,2000Q4,-0.8,0.5,1.0,2.0,2.4274193548387095
2000-10-02,SRPT,43.875,1.146788990825688,-0.720763723150358,33.92857142857143,-0.5897435897435898,-0.16239316239316237,-0.11111111111111116,-0.11965811965811968,-0.14529914529914534,-0.1709401709401709,-0.41025641025641024,-0.09401709401709402,-0.24786324786324787,-0.4871794871794872,2000,2000Q4,3.0598290598290605,0.5,1.0,2.0,3.914529914529915
2000-10-09,CTSH,1.2513359785079956,1.2122439457097571,-0.5152056948476968,32.258049068923015,-0.16236099437104068,0.03505584041561716,0.14206684654719792,0.13653181914356782,0.32103339945719567,0.16236175649594786,0.057196331092590924,0.3468638131376425,0.121771460270381,0.0922514093833009,2000,2000Q4,-0.95,-0.95,-0.95,-0.95,0.35300828642533905
2000-10-11,REGN,26.975391387939453,2.7413793149058905,-0.5199114779892574,33.02752551862845,-0.2511521349903846,-0.027649754922514314,-0.05529950984502863,-0.0414747384442512,-0.062211895545417395,0.3294930012103623,0.2396312093284576,0.2880185455940567,-0.13824884531955806,-0.052903179367927655,2000,2000Q4,-0.5591401719339362,-0.5591401719339362,-0.5591401719339362,-0.5591401719339362,1.092934458253205
2000-11-16,NTAP,53.98738098144531,1.452631184004424,-0.5100926507673588,30.631924445190634,-0.8377681899722367,-0.13648043577982305,-0.2592272245377979,0.19742535365563096,-0.09785374536794567,-0.07553622449455455,-0.5381972600114694,-0.7356222250423036,-0.6765665536216016,-0.633991364615698,2000,2000Q4,4.283261371797484,0.5,1.0,2.0,5.981401583101973
2000-11-30,NVDA,0.15471585094928741,1.0736059042258876,-0.5316220805338246,28.339396410057063,-0.3117275148671289,0.0,0.02623366229068158,-0.3117275148671289,-0.2608001883883979,0.28125000902935193,0.08641730245343138,0.5864175432361487,1.187655262715615,1.1962960876179416,2000,2000Q4,-1.0,0.5,1.0,-1.0,1.5977292905594076
2000-12-14,BLDP,65.8125,1.4776470588235293,-0.502127659574468,38.525564803805,-0.46438746438746437,-0.11111111111111116,-0.040360873694207045,-0.15859449192782527,0.06742640075973405,0.029202279202279247,-0.3912630579297246,-0.3051472054361052,-0.12478634797156929,-0.34723648114761396,2000,2000Q4,1.8936373428967832,0.5,1.0,2.0,2.869895536562203
2000-12-22,IONS,10.375,1.03680981595092,-0.6931608133086876,58.98876404494382,-0.2349397590361446,-0.07228915662650603,-0.08433734939759041,0.07228915662650603,0.17469879518072284,0.14457831325301207,-0.0662650602409639,-0.012048192771084376,0.17590359607374806,0.10361443944724202,2000,2000Q4,-0.95,-0.95,-0.95,-0.95,0.9578313253012052
2001-01-05,FCEL,101520.0,2.9166666666666665,-0.5436893203883495,38.86576482830385,-0.17154255319148937,0.2938829787234043,0.5292553191489362,0.44680851063829796,0.45744680851063824,-0.0292553191489362,-0.021276595744680882,0.524468085106383,0.75,-0.03702126120468874,2001,2001Q1,-0.6914894899609272,-0.6914894899609272,-0.6914894899609272,-0.6914894899609272,0.4295212765957448
2001-01-08,VRTX,47.0,1.5797598627787308,-0.5167095115681234,25.974025974025977,-0.3789893617021277,0.2313829787234043,0.46808510638297873,0.4491356382978724,0.3377659574468086,-0.22340425531914898,-0.20638299495615853,-0.2555318791815575,0.027659558235330728,-0.1274468442226978,2001,2001Q1,0.06205703518914844,0.5,1.0,0.06205703518914844,2.1582446808510642
2001-04-16,FCEL,108194.3984375,1.0497186404755139,-0.5136893274114527,49.937308392823525,-0.5276502083236605,0.07446600566991579,0.37552407656270903,0.3136354751498731,0.4551807535669121,0.26332600253753324,-0.13795170339730645,-0.27330803502347445,-0.5196645823349074,-0.41425434816656337,2001,2001Q2,2.452119568054695,0.5,1.0,2.0,3.3970850693638375
2001-09-27,KMX,4.764999866485596,1.088767064760809,-0.5120328009262312,24.70206206466014,0.0,0.520461718481138,0.6463798551956088,0.8132215289431157,0.8971668867055895,1.0619097764028944,1.4417629705965087,1.1248688947955099,1.805876235085829,1.781741969746808,2001,2001Q3,-1.0,-1.0,-1.0,-1.0,-0.8
2002-04-03,BKNG,27.746002197265625,1.179710120605645,-0.5257316001813493,33.12883338298657,-0.6893616686336383,-0.13829781968606913,0.004255340795727092,0.027659646429038842,-0.12978713809461484,-0.1468085700207109,-0.5085106472198605,-0.5744681202092873,-0.5,-0.6723404429371049,2002,2002Q2,4.602837024475875,0.5,1.0,2.0,4.7446805719469864
2002-04-22,FFIV,6.539999961853027,1.2708332298530514,-0.5234972837827565,11.04594491696227,-0.48165135708293483,-0.08256880198819228,-0.1498470985916972,-0.09556574979289667,-0.058868463958766326,-0.22859325600599734,-0.17889909527804349,0.11009178459151014,-0.28899080695867285,-0.3792048980946491,2002,2002Q2,2.160040817455409,0.5,1.0,2.0,3.0137613090244573
2003-11-11,BKNG,19.333648681640625,1.3905106885406116,-0.5024056969353995,22.117202453160388,-0.14503817923523143,-0.11704816305591725,-0.016793832129750164,-0.07379118819304686,-0.1236642200386725,-0.06310415926759005,0.19592892940294382,0.13231561501124656,0.34249388343001463,0.18320626652460437,2003,2003Q4,-1.0,-1.0,-1.0,-1.0,0.20865149362692867
2004-01-09,BKNG,17.759410858154297,1.0190160841776579,-0.5429221967195024,50.6726695191517,0.0,0.06481978501663499,0.1490303022882713,0.06648189687818107,0.18559547445045377,0.24099698358272525,0.5096952587281816,0.30027689692436277,0.49972280235754396,0.3529084702191354,2004,2004Q1,-1.0,-1.0,-1.0,-1.0,-0.8
2004-05-07,AXON,14.404999732971191,22.359447436220243,-0.5145745542267425,14.701801271803944,-0.13918779254481561,0.00034710965176021347,-0.02499129908716713,-0.013189835744905731,-0.05137103678137522,0.40958005425715127,-0.07566818276941867,0.2339465427302707,0.3224574515928347,0.6136758951844048,2004,2004Q2,-1.0,-1.0,-1.0,-1.0,0.15989827120679684
2004-07-22,AXON,14.640000343322754,11.328421341745477,-0.5066554096136544,17.22726971255821,-0.138319707972424,0.07377048486195137,-0.030054680583276094,-0.09323775223919661,-0.06284153379228252,0.33367480605528455,0.37773221333928464,0.9842895188393992,0.9357923147531655,0.2001365630321057,2004,2004Q3,-1.0,-1.0,-1.0,-1.0,0.15266423310353328
2006-07-13,NVAX,83.0,3.6111111111111107,-0.500601675547276,36.936934614865805,-0.3156626597944513,-0.1012048376611916,-0.19759037982986638,-0.12048192771084343,-0.2506024004465126,-0.11084333672580948,0.03855418009930345,0.1325301204819278,0.20722887889448427,-0.043373475591820365,2006,2006Q3,-0.6385543700681636,0.5,1.0,-0.6385543700681636,1.630522164953761
2006-10-02,NVAX,75.0,1.1428571428571428,-0.5487364538077795,52.586198958719734,-0.3093333435058594,0.09866668701171877,0.2026666259765626,0.08799997965494799,0.19200002034505204,0.33333333333333326,0.032000020345052116,0.09066670735677085,-0.21333333333333337,-0.22399998982747393,2006,2006Q4,0.8666665818956162,0.5,0.8666665818956162,0.8666665818956162,1.5777778625488283
2008-03-20,BIDU,20.790000915527344,1.0590274996713096,-0.501295311540475,32.022522475577446,0.0,0.18908126901155864,0.4136122484254052,0.36714762308957805,0.7196247174757164,0.7899470713071293,0.6104375910784161,0.4285714023589837,0.48552185753546717,0.468253885247893,2008,2008Q1,-1.0,-1.0,-1.0,-1.0,-0.8
2008-09-09,CSIQ,21.34000015258789,1.8153034785459763,-0.581568624459061,35.360148562659305,-0.8594189325890801,0.10684164340875202,0.14807871718917953,-0.0848172189784584,-0.4020618492200696,-0.6190253019536649,-0.7661668352653208,-0.6761949485471705,-0.7385192181908503,-0.8397375795763898,2008,2008Q3,5.997813163136582,0.5,1.0,2.0,6.161824438242334
2009-11-19,BLDR,3.2380149364471436,2.5981302264492485,-0.5367027755903712,49.19354018285128,-0.10438952497562992,-0.01818179943935816,0.049350651071895735,0.033766409333359615,0.3650338750888267,0.037672759713248016,-0.08277136242335836,-0.03027003687960561,0.23532475251301088,0.028407832905131603,2009,2009Q4,-0.8,-0.8,-0.8,-0.8,-0.13008729186975063
2009-11-20,NVAX,65.5999984741211,1.129870133087112,-0.5067669287660068,29.77098703147999,-0.3749999854622814,-0.08536583238382645,-0.0030487340380210837,-0.12195122234882316,-0.12195122234882316,-0.25304876311345825,-0.32621948489257735,-0.2469511787356674,-0.14329265136934255,-0.298780471494267,2009,2009Q4,1.4898372624522251,0.5,1.0,1.4898372624522251,2.1249998788523454
2010-01-22,BLDR,3.359999895095825,2.3856257472494824,-0.5192490905793725,34.00000445047873,-0.33035712194990074,-0.002976187730794999,-0.09821426607414918,-0.1101190169973294,-0.1160713924589194,-0.06547613007749098,0.19047622764462102,-0.008928563192385108,-0.1488095284555776,-0.22916666814495656,2010,2010Q1,0.9097222345413047,0.5,0.9097222345413047,0.9097222345413047,1.752976016249173
2010-02-24,NVAX,44.20000076293945,1.065420633216584,-0.6676691671959439,50.0,-0.085972831933676,0.04977377205803335,0.08597283193367611,0.045248867997236486,0.11764707405388819,0.2714932079834189,0.04072396393643962,0.004524904060796864,0.013574625877024404,-0.085972831933676,2010,2010Q1,-0.28355973388603334,-0.28355973388603334,-0.28355973388603334,-0.28355973388603334,-0.28355973388603334
2010-02-26,AIG,15.569014549255371,1.3817307845213787,-0.5068686145925709,57.5254775335071,0.0,0.13362962200683048,0.38191401748023535,0.4049255465215176,0.3907961846937529,0.5950753722980198,0.4719424059412096,0.4687124489940304,0.575697223235476,0.3722246366757844,2010,2010Q1,-1.0,-1.0,-1.0,-1.0,-0.8
2010-04-01,NVAX,46.599998474121094,1.4787234236828186,-0.6496240716231497,50.0,-0.1373390111747712,0.09012877468809122,0.09871249870046528,0.1888412733885565,0.20600863955284532,0.04291845634095215,-0.09442055483381917,-0.008583642151914983,-0.1373390111747712,-0.06008582250524108,2010,2010Q2,-0.4992848124563243,-0.4992848124563243,-0.4992848124563243,-0.4992848124563243,0.14449175978976012
2012-10-31,SRPT,21.329999923706055,2.5198020008433564,-0.5252615228393641,12.311551979143772,0.0,0.06000940887125461,0.18518522161593842,0.32817627871719934,0.3750586042482278,0.23019221120367472,0.2939522025405741,0.42662918021654717,0.614158482340661,0.4781997561848663,2012,2012Q4,-1.0,-1.0,-1.0,-1.0,-0.8
2013-10-11,WKHS,7200.0,1.4,-0.5480225988700564,52.63157894736841,-0.5833333333333333,0.0,-0.16666666666666663,-0.20833333333333337,-0.33333333333333337,-0.45833333333333337,-0.5416666666666667,-0.5375,-0.5083333333333333,-0.5208333333333333,2013,2013Q4,3.3402777777777772,0.5,1.0,2.0,3.8611111111111107
2014-04-28,PLUG,4.659999847412109,28.124999697320156,-0.5480116723811582,25.47170872278768,-0.21888407208304583,-0.1287553485577415,-0.1630900808863196,-0.03648070426190109,-0.06437762311608386,0.017167366164289044,0.18454939091725464,0.23390561980237257,-0.07725314773930059,-0.06866946465715607,2014,2014Q2,-0.4277544611903661,-0.4277544611903661,-0.4277544611903661,-0.4277544611903661,0.824033934025382
2014-05-05,BLDP,3.3399999141693115,2.4432987790265392,-0.5145349042714767,35.89743307591468,-0.25149698675313503,-0.10179638410376202,0.02095813576653538,-0.0239520735814005,0.08982041869587176,0.25449106733362004,0.20359283959033414,0.11676650147494727,-0.059880183953501254,-0.16167663944007327,2014,2014Q2,0.34730532866727726,0.34730532866727726,0.34730532866727726,0.34730532866727726,1.0958082229427921
2014-05-15,DQ,5.019999980926514,2.8975155506576087,-0.5422213968137571,15.371207896249942,-0.1290836187153076,-0.08366535416130183,0.07569723423998576,0.07968129420064374,0.07928291670082266,0.10637448643830472,0.18605578063894845,0.717529835330651,0.3613546088828683,0.39601592104184546,2014,2014Q2,-1.0,-1.0,-1.0,-1.0,0.07569682262756339
2014-05-19,CSIQ,21.709999084472656,1.7691324823898689,-0.5028623770378101,24.73684870965394,0.0,0.17134967192899286,0.15568867851922974,0.10548139162130088,0.29203134131508834,0.3049286558454132,0.5905112959674554,0.8558269283550273,0.31506220364053217,0.2404422589053241,2014,2014Q2,-1.0,-1.0,-1.0,-1.0,-0.8
2014-07-02,PLUG,4.550000190734863,14.166666699780357,-0.5586808917992244,59.16666385200411,-0.4000000209598742,-0.06593410508987485,0.006593347629364921,0.18461530561278194,0.1824175580027838,0.19120875804151782,-0.030769304934939457,-0.01318690485747176,-0.22197806297645728,-0.3406593682987352,2014,2014Q3,1.838828069156127,0.5,1.0,1.838828069156127,2.333333507998952
2014-07-17,DQ,5.1519999504089355,1.6861313850466302,-0.5301841932520278,27.956989444211985,-0.16537262575214995,-0.036878893449014516,-0.03416151396539613,0.0698758029851747,0.286102482783374,0.6525621158612496,0.399844713239182,0.2628105793062483,0.012422385542652625,-0.16537262575214995,2014,2014Q3,0.37810521460124963,0.37810521460124963,0.37810521460124963,0.37810521460124963,0.37810521460124963
2014-09-09,BLDP,3.4200000762939453,1.072727348916131,-0.5029069739235228,21.590912785411376,-0.5730994135739642,-0.04093570227515453,-0.0935672995680581,-0.05555557104734077,-0.13157895837574207,-0.19005850317752004,-0.40350879639053794,-0.47660820996450215,-0.5146199036287028,-0.3508771990976345,2014,2014Q3,1.923976659146954,0.5,1.0,2.0,3.775828446449702
2014-10-01,PLUG,4.409999847412109,5.211267578438665,-0.5722599740130697,34.46808407024969,-0.42857141312480806,0.03174611069542532,-0.009070286448309095,-0.027210859344927396,0.01814057289661819,-0.19727889244023855,-0.31972786761875516,-0.36961449714762706,-0.3356008689032961,-0.41950112667649897,2014,2014Q4,2.4958427223041584,0.5,1.0,2.0,2.571428442706734
2014-10-06,BLDP,3.0999999046325684,1.2627736451407467,-0.549418626007613,41.81818339450212,-0.5290322312703357,-0.19354836228734795,-0.07419355682230167,-0.09999998461815574,-0.08064516377126518,-0.30322575732894885,-0.43870965707562526,-0.44838706749907054,-0.28064513300757665,-0.28064513300757665,2014,2014Q4,1.3387094417298055,0.5,1.0,2.0,3.4086019272527976
2016-01-15,WKHS,13350.0,1.119047619047619,-0.5240641711229946,12.701612903225808,-0.0035955056179775013,0.23370786516853936,0.05123595505617984,0.18426966292134828,0.15280898876404492,1.41123595505618,0.9797752808988764,0.5348314606741573,0.5730337078651686,0.30112359550561796,2016,2016Q1,-1.0,-1.0,-1.0,-1.0,-0.9700374531835209
2016-10-26,BLNK,17.75,1.1515151515151514,-0.5069444444444444,31.42857142857143,-0.6112676002609898,-0.19718309859154926,-0.09859154929577463,-0.21126760563380287,-0.43380280615578237,-0.5774647887323944,-0.4084507042253521,-0.4084507042253521,-0.46478873239436624,-0.5070422535211268,2016,2016Q4,3.2253521126760565,0.5,1.0,2.0,4.093896668841582
2017-01-24,SRPT,30.739999771118164,1.5447019838794303,-0.5069767357913078,56.503688097179044,-0.09986986719852364,0.010409879544790224,-0.05107351029648721,-0.08035131202815382,-0.019193238678623104,-0.026350015353722278,0.1649317384490152,0.056929145100152345,0.13923229403101,0.3838647115246858,2017,2017Q1,-1.0,-1.0,-1.0,-1.0,-0.1677511066789696
2018-01-16,RIOT,18.280000686645508,4.600668469813195,-0.5264248339568947,37.79342560096603,-0.75,0.07221004623859484,-0.21881842469494683,-0.29157552938574094,-0.09245079160704028,-0.5464989250296197,-0.600656459708566,-0.5350109583852646,-0.5951860056124879,-0.6559081112919104,2018,2018Q1,4.465900927432587,0.5,1.0,2.0,5.25
2018-03-27,BBBY,37.91999816894531,1.211078659615445,-0.5636363923693062,18.412782972879057,-0.33465187867813495,-0.0598627835621951,-0.04272149288265181,-0.005801619636839228,-0.017668728937176192,-0.12183542075348319,-0.1930379256576631,0.01793249836527333,-0.1917193803128615,-0.30511599014134094,2018,2018Q1,1.5426332511778413,0.5,1.0,1.5426332511778413,1.7887656556511247
2018-04-04,BBBY,35.650001525878906,1.066666755123415,-0.589758332567321,25.430207507909486,-0.2922861581388302,0.0182327540914633,0.057503482449290155,-0.03366060902040502,0.09256659455301919,-0.04908835694522051,0.03786811827037684,0.01402524484149148,-0.18092567985606656,-0.25525952031762245,2018,2018Q2,1.1271626693135204,0.5,1.0,1.1271626693135204,1.4357179844902517
2018-04-05,RIOT,7.21999979019165,1.0706426937079154,-0.8129533659170424,46.934455644911296,-0.5263157651417101,0.034626039787373,-0.0720221601159784,0.034626039787373,0.04709143524488457,0.08033246778360592,-0.16758997181046953,-0.054016603576001354,-0.1426592469393757,-0.5246537366301494,2018,2018Q2,3.3721144719179117,0.5,1.0,2.0,3.385964709514251
2018-04-09,ACB,673.944091796875,1.883168411969383,-0.5121869543420172,25.86478301186078,-0.2960164917269673,0.22029532960812914,0.0714285584908394,0.08155906139341962,0.03485577663264472,0.2740384354141949,0.20192303860748595,-0.1929945027576776,0.11552278140537409,0.7577719414231245,2018,2018Q2,-1.0,0.5,-1.0,-1.0,1.4668040977247276
2018-07-02,BBBY,33.95000076293945,1.0828222301844606,-0.6093210567685766,37.63144028362601,-0.624742283215928,0.10603824427747677,0.26804118614497496,0.0736377008488629,0.04565535205385207,-0.15316644023807757,-0.16435934604741753,-0.413549354934145,-0.44270987772856185,-0.5837997114313609,2018,2018Q3,3.864997595261341,0.5,1.0,2.0,4.206185693466066
2018-07-19,ACB,671.1668090820312,1.9471544778091983,-0.5141972023080896,13.709664923199853,-0.29310341378180504,-0.09310340468791733,-0.11034477929452713,-0.17586205736297078,-0.14310341832874895,0.5215293700291104,0.8666001236586856,0.18718622108677963,-0.011274147341170049,0.15142759942188344,2018,2018Q3,-1.0,-1.0,-1.0,-1.0,1.4425284481817089
2018-08-09,RIOT,6.800000190734863,1.0497964848128118,-0.823834184985944,58.39552605609013,-0.8014705902977385,-0.2073529830440919,-0.19558828871142753,-0.10294121565703185,-0.3382353126796467,-0.601470593803894,-0.5735294097022614,-0.7514705867915831,-0.7602941250718587,-0.6882353196919576,2018,2018Q3,4.735294330766314,0.5,1.0,2.0,5.6789215858144875
2018-11-09,CRSP,36.369998931884766,1.1457225542671607,-0.5057752311212131,52.210210837002045,-0.37503436321771666,0.021721224600718125,0.003024487588178859,0.09540833991229647,0.0002750106275559716,-0.0610392485895741,-0.14462464877671144,0.06241409195570835,0.021446318858984847,0.06323891406673066,2018,2018Q4,-0.95,-0.95,-0.95,-0.95,2.125286360147639
2019-03-07,CLSK,34.400001525878906,1.1635221604526484,-0.5287671023852205,28.412700834728426,-0.7412790923327471,0.19186041224899242,0.02325579074346007,-0.010174484688759478,-0.0014535770215067245,-0.1337209908365209,-0.4040697938755038,-0.4796511969610171,-0.6773255846189639,-0.7267442092565399,2019,2019Q1,5.0562017438044995,0.5,1.0,2.0,5.17732576943956
2019-04-01,CLSK,34.29999923706055,1.1847133537427736,-0.5301369967525953,34.036149077429386,-0.7623906763903265,0.0,-0.032069927072551185,-0.12099124521397286,-0.3848396253411124,-0.3935860145854898,-0.46355685050134354,-0.6413994033724371,-0.7084548040107483,-0.7521865834091361,2019,2019Q2,5.268221528409468,0.5,1.0,2.0,5.353255636586055
2019-04-29,BLNK,3.359999895095825,1.5263156290812936,-0.5805243696522506,59.459447268593905,-0.37202382113894406,-0.10416664153573929,-0.17261903030193793,-0.16964284257114293,-0.2529761699913169,-0.23660710199298784,-0.18452378122511814,-0.24999998226052178,-0.21428565853306858,-0.35416662379626107,2019,2019Q2,1.951388531635509,0.5,1.0,1.951388531635509,2.1001985094912006
2019-10-31,WKHS,7590.0,2.359893758300133,-0.51252408477842,14.545454545454547,-0.4189723320158103,0.23715415019762842,0.17786561264822143,0.04743083003952564,0.13043478260869557,0.2134387351778657,0.23715415019762842,0.22134387351778662,-0.3438735177865613,0.26877470355731226,2019,2019Q4,-1.0,0.5,1.0,-1.0,2.4914361001317524
2020-03-09,WKHS,7500.0,1.7563395810363835,-0.5183044315992292,30.80357142857143,-0.41200000000000003,-0.41200000000000003,-0.372,-0.30400000000000005,-0.33199999999999996,0.16399999999999992,0.26,5.664,5.656,6.884,2020,2020Q1,-1.0,0.5,1.0,2.0,2.4333333333333336
2020-03-16,ENPH,27.450000762939453,2.033149191647752,-0.5354543798941375,24.326687473349537,-0.12604739146283284,0.002185772833324995,0.16575588745350966,0.24043709619971398,0.44298723167357634,1.0757740604206338,0.8378870441072102,1.1111110802291266,1.7278686765835825,1.5315116915256608,2020,2020Q1,-1.0,-1.0,-1.0,-1.0,0.050394928856940344
2020-04-01,WKHS,5130.0,1.5909090909090908,-0.6705202312138728,43.33333333333333,-0.04678362573099415,0.029239766081871288,0.18128654970760238,0.38596491228070184,0.8421052631578947,0.5964912280701755,10.216374269005849,8.076023391812866,9.590643274853802,13.783625730994151,2020,2020Q2,-1.0,-1.0,-1.0,-1.0,-0.6101364522417154
2020-04-03,ENPH,28.690000534057617,2.0136553733734943,-0.5144694455919524,52.10597756105733,0.0,0.31683506713248777,0.359707131243334,0.29696752847045205,0.5465318266276633,0.7999302345201109,0.7483443329974033,1.4032762518213384,1.6845589128392215,2.15196927925558,2020,2020Q2,-1.0,-1.0,-1.0,-1.0,-0.8
2020-09-08,NVAX,85.30999755859375,14.6819846803793,-0.5220996012336617,7.541125240957626,-0.07701324443611346,0.2934005332974654,0.3085218666985281,0.2653850666693376,0.2894151113349679,0.09143128912177634,0.44320720044586936,0.5025201775177985,2.7502051556857996,1.0220373336843815,2020,2020Q3,-1.0,-1.0,-1.0,-1.0,-0.3582229630323878
2020-09-11,BLNK,6.059999942779541,1.2696628350629244,-0.5190476381499385,42.992420907108766,0.0,0.38448851857158783,0.4059406828733074,0.7920791681882573,0.5132013470099044,0.5660065776775214,3.7590759777069973,7.632013509442045,7.500825062057681,5.693069596744477,2020,2020Q3,-1.0,-1.0,-1.0,-1.0,-0.8
2020-10-26,NVAX,87.37999725341797,18.548098737085525,-0.510503613566176,28.52239530030424,-0.09887845801357553,-0.05699239968040015,0.03353170516449255,0.037422801273125694,0.090981973306548,0.4802014237054848,0.5012588326746599,1.6462577591634595,0.988441353415167,1.7954910957943069,2020,2020Q4,-1.0,-1.0,-1.0,-1.0,-0.17601284988687055
2020-10-30,BBBY,56.099998474121094,4.327635317830314,-0.5413669178050621,18.997561205824596,-0.14491974107928596,0.20017831840252165,-0.028342249480119985,0.10249554645981807,0.12549021581123387,-0.14491974107928596,0.38502672124109183,0.09411769585751073,0.1784314154811979,0.3950089886781687,2020,2020Q4,-1.0,-1.0,-1.0,-1.0,0.2076645089940497
2020-11-02,GOTU,65.51000213623047,3.0214854790945704,-0.5009522358187828,7.15157664188699,-0.6331857746443934,0.05678524041210142,0.08395664510226308,-0.024576409065038773,-0.05113726422801679,-0.25583882750266784,0.30453360246814576,0.3950541353914103,-0.5000763405274333,-0.5866280103701997,2020,2020Q4,3.888566753084998,0.5,1.0,2.0,4.276548122036612
2020-11-13,MARA,2.390000104904175,1.0084033529263974,-0.5304518598709598,45.945950125672354,0.0,0.41841002347574974,1.6276150352136245,1.3054393251178351,1.958158937798391,8.368200170244824,19.04184076293144,16.389121150250883,13.874476015341386,8.61924634394103,2020,2020Q4,-1.0,-1.0,-1.0,-1.0,-0.8
2020-12-31,FUBO,28.0,1.8084252006087826,-0.5483870967741935,49.37465285844523,-0.41607141494750977,-0.024642876216343423,0.14750003814697266,0.4635714122227259,0.7307142530168806,0.14678573608398438,-0.23250000817435124,-0.3257143156869071,-0.022142887115478516,0.07357140949794228,2020,2020Q4,-0.95,0.5,1.0,-0.95,2.467261791229248
2021-01-04,GOTU,48.75,1.0806657859595048,-0.6286280306747333,22.350047472128736,-0.7423589657514523,-0.010666676056690694,0.353025622245593,1.1526154346955129,0.7530256222455929,0.8746666541466346,-0.32820512820512826,-0.4445128220778245,-0.7078974405924479,-0.7218461452386318,2021,2021Q1,5.015384543655265,0.5,1.0,2.0,5.186324714595436
2021-01-04,FUBO,24.239999771118164,1.4191615432848197,-0.6090322617561587,47.75537628757566,-0.3254950273988588,0.1216997025905242,0.2681518177134934,0.8118811296886135,1.025577513933127,0.23597357126091412,-0.07714517118572173,-0.2574257355626336,0.1126237445550271,0.20090762727794997,2021,2021Q1,-1.0,0.5,1.0,-1.0,1.712458561657157
2021-01-04,BBBY,49.459999084472656,5.859916618971929,-0.5956507586014531,42.17775243898292,0.0,0.051152499814509866,0.2725434652599539,0.7476749705105232,0.8334007679681423,0.2638495648730699,0.3522037705498886,0.5210271886266797,0.8287504776084362,0.792559751379839,2021,2021Q1,-1.0,-1.0,-1.0,-1.0,-0.8
2021-01-27,BITF,1.8799999952316284,3.3720929394418206,-0.522842647733892,47.52679438652047,0.0,0.6234042837858309,0.7499999841477007,1.9739362203667423,1.4627660245661178,1.5797871898584854,1.4414894490584147,1.3936170273476889,1.1276595798646123,1.0957447166030576,2021,2021Q1,-1.0,-1.0,-1.0,-1.0,-0.8
2021-02-02,GME,22.5,21.784809851528,-0.7410146543384472,54.086120515852166,-0.548999998304579,-0.44099998474121094,-0.48955557081434464,0.018999989827473973,0.47055562337239576,1.0772221883138022,0.7858888414171008,1.8686665852864581,1.2536666870117186,0.6972222222222222,2021,2021Q1,-1.0,0.5,1.0,2.0,3.574999985871492
2021-02-11,BB,12.460000038146973,1.0527182348887205,-0.5035856633952218,47.2926663687769,-0.36276083202955745,-0.12520067534836854,-0.1934189277715701,-0.24157305133760476,-0.06260029940474954,-0.27768860574269605,-0.36276083202955745,0.1276083585650094,-0.14446229415923473,-0.18378811836613695,2021,2021Q1,0.5315676530511414,0.5,1.0,2.0,2.0230069335796457
2021-02-23,WKHS,49395.0,3.7042857142857146,-0.6017174649250121,25.734992479146726,-0.5457030063771637,-0.02034618888551476,-0.006984512602490112,0.013665350744002325,-0.19769207409656853,-0.22988156696021866,-0.49529304585484357,-0.0337078651685393,-0.3446705132098391,-0.4448830853325235,2021,2021Q1,2.707359044437696,0.5,1.0,2.0,3.547525053143031
2021-02-25,SOS,4530.0,2.2420826623725176,-0.528125,57.19101123595506,-0.597682119205298,0.14569536423841067,0.08278145695364247,0.24172185430463577,0.011589403973509826,-0.26986754966887416,-0.4602649006622517,-0.4470198675496688,-0.5662251655629139,-0.5678807947019868,2021,2021Q1,3.7323399558498904,0.5,1.0,2.0,3.9806843267108167
2021-02-26,EDIT,43.86000061035156,1.0905625151256024,-0.5157871525311177,22.419449162756308,-0.2865936963041794,-0.050843582106791296,0.05517551608000115,0.025991777788060055,-0.09461927651910362,-0.11263115304746119,-0.21135431666126847,0.002964000599775529,-0.04742366169880485,0.4562243055876878,2021,2021Q1,-1.0,0.5,-1.0,-1.0,1.3882808025348286
2021-03-04,NVAX,158.10000610351562,12.966432011107104,-0.5058293697904872,18.919634601100512,-0.2346616361243179,0.18678050372725585,0.3741934605909214,0.12732440763375674,0.12137878837305416,0.1427576925623395,0.09860844867825702,0.37394049863906287,0.19272612298795844,0.5943073233884508,2021,2021Q1,-1.0,-1.0,-1.0,-1.0,0.9555136343693159
2021-03-04,BTBT,13.449999809265137,32.62499902211131,-0.5404851520698349,28.035143505312718,-0.6855018528580485,0.36059475810954655,0.21486991704876868,0.03420074681563179,0.24535317751169283,-0.11301111714829115,-0.3747211920688046,-0.5643122515527697,-0.256505565664661,-0.06096652092584831,2021,2021Q1,-0.4919456589512641,0.5,1.0,2.0,4.712515440483738
2021-03-05,MSTR,62.02399826049805,3.5312682280134453,-0.5127500205427986,25.368515886978074,-0.2736360215087822,0.2640268883763728,0.2528054391788437,0.006062222299853426,0.1359796556033841,0.005175463839929728,-0.21857667333221853,0.022652564062271452,0.08172649621116479,0.12167872269879632,2021,2021Q1,-0.95,0.5,-0.95,-0.95,1.2803001792398516
2021-03-05,FCEL,391.5,5.62436565326531,-0.5332617957826802,22.19873389267741,-0.561685808164711,0.3915708500458972,0.1471264523716873,0.016091922842832007,0.06130268199233724,-0.35938696538503756,-0.23448272744053322,-0.3570881304004031,-0.5417624676973579,-0.508045961421416,2021,2021Q1,3.233716345178467,0.5,1.0,2.0,3.680715068039259
2021-03-05,BLNK,30.1299991607666,10.956348963815817,-0.5037879025849976,20.853856427798988,-0.12977099091670297,0.30467980312717824,0.26916703430448585,0.18918031294571924,0.4251576442996641,0.15068035627728826,0.28675743570041456,0.2555593390229678,0.13275811545846916,0.10521075886459763,2021,2021Q1,-0.95,-0.95,-0.95,-0.95,0.0814249243058581
2021-03-08,TLRY,224.1999969482422,1.237524987790684,-0.6491941706887222,27.775754320023665,-0.43443352017069703,0.3590544886464604,0.066012503359554,-0.03523636933103136,-0.11864402857626855,-0.368867074370808,-0.12042819075610023,-0.2760927508432318,-0.3545941172262951,-0.39384480041782677,2021,2021Q1,2.2820400034818897,0.5,1.0,2.0,2.620279334755809
2021-03-08,RUN,47.54999923706055,1.3516320896042608,-0.507253893916471,23.168750812839434,-0.17034697379780273,0.3064142992344854,0.20672979997427987,0.09169296909164548,0.14006309052096255,-0.017244999116321935,-0.08496321725234768,0.12912722372586094,0.12407994995887273,-0.0422712587546501,2021,2021Q1,-0.6477395103779159,-0.6477395103779159,-0.6477395103779159,-0.6477395103779159,0.41955811498168943
2021-03-18,JKS,35.39250946044922,2.4004796000468036,-0.5141062077746492,40.0090754087656,-0.28866954647446297,-0.029384020192426474,0.00023507388606125446,-0.09144331054736976,-0.129995320078802,-0.27785620160695257,-0.06064884703857565,0.27432993164210906,-0.036201270670819574,0.10343197095387824,2021,2021Q1,-0.95,0.5,1.0,-0.95,1.4055795539538583
2021-03-18,SNDL,14.600000381469727,1.3934427229059363,-0.5050847328315347,55.60345029575831,-0.5273972660901509,-0.16438359654090573,-0.24657536215128018,-0.31506851104661837,-0.35616442651188407,-0.45890411719481283,-0.34246574447669087,-0.4458904149854891,-0.5116438405378201,-0.5075342555233091,2021,2021Q1,3.2294521293609093,0.5,1.0,2.0,3.3949772174179245
2021-03-18,PLUG,36.36000061035156,11.848057099145063,-0.5031429289597866,35.07944145930561,-0.448019819639102,-0.062156273330398526,-0.030253087743491225,-0.11166120201150787,-0.305830601005754,-0.2568756874533392,-0.17904290757983277,-0.2849285048527229,-0.2885038392472331,-0.31325635604512003,2021,2021Q1,1.6104696337093336,0.5,1.0,1.6104696337093336,2.7334984969925165
2021-03-23,CHPT,458.6000061035156,1.4445628527883159,-0.5026030302564907,37.24007498731018,-0.11905801434113206,-0.020497151703837035,0.24422147403360728,0.02136935818260044,-0.03750547749262101,0.03270824204178968,0.4278237659795554,0.049280431318647455,-0.07283033897070057,-0.11426077889030073,2021,2021Q1,-0.04782684258082722,-0.04782684258082722,-0.04782684258082722,-0.04782684258082722,-0.007849880490566157
2021-03-24,AMC,90.19999694824219,1.5337078880442023,-0.5467336836771749,53.46395882411858,-0.044345899504799835,0.13192906794339776,0.08536590729659421,0.09756101274379603,0.1263858305052976,0.5166297968973907,5.4634148528245765,3.1008869890398927,3.0776053241333994,3.4434589950479984,2021,2021Q1,-1.0,-1.0,-1.0,-1.0,-0.6304508374600014
2021-03-24,CAN,17.8799991607666,5.061016566696546,-0.5087912524384194,46.99033235798216,-0.6856823182692966,0.1560403269844295,0.05984349286328361,-0.2880313120948418,-0.2527964047116634,-0.5855704588805805,-0.5620805206251283,-0.6778523210716483,-0.4871364369851132,-0.5738254897528543,2021,2021Q1,3.781879081273786,0.5,1.0,2.0,4.714019318910805
2021-03-24,CLSK,19.540000915527344,14.507937351922665,-0.5162168553898207,44.11547267129979,-0.45138179300133885,0.2190377982989653,0.07983620229529964,0.07778907263034873,0.01893546133822066,-0.22313205762886712,-0.14022525844865597,-0.31013311613897987,-0.35414537900401655,-0.3981576418690532,2021,2021Q1,2.317980348908777,0.5,1.0,2.0,2.7615149416778237
2021-04-01,EDIT,42.83000183105469,1.315135234111064,-0.5271583024370095,43.774817552614174,-0.26943732015346433,-0.07868322676882422,-0.19052074044490963,-0.13822091362485467,-0.16904042421070598,-0.18188187211047602,0.31963572359183967,-0.03011909550262981,0.4847069211769397,-0.0408592090867278,2021,2021Q2,-0.659506590943935,0.5,-0.659506590943935,-0.659506590943935,1.2453110012788695
2021-04-01,WKHS,42420.0,7.269005847953217,-0.6579583938074504,35.94232749742534,-0.4759547383309759,-0.07531824611032534,-0.0643564356435643,-0.10325318246110327,-0.17185289957567185,-0.18528995756718525,0.10608203677510608,-0.20792079207920788,-0.3062234794908062,-0.458981612446959,2021,2021Q2,2.8248467703913254,0.5,1.0,2.0,2.966289486091466
2021-04-01,PLUG,35.2599983215332,9.65256765289366,-0.5181743895259402,29.334705362247718,-0.4307997546736264,-0.08394779425343846,-0.22745317448064772,-0.20646622591728814,-0.24475324933570064,-0.12960856508846452,-0.05530337609379088,-0.2450368092338614,-0.2609188682227589,-0.27566641714982376,2021,2021Q2,1.2972201429151982,0.5,1.0,1.2972201429151982,2.5899979556135535
2021-04-01,BTBT,14.329999923706055,28.979080265387818,-0.510420235750112,37.09450184648268,-0.7048150703702506,0.1835309961457714,-0.06978367099260796,-0.08164690038542288,-0.12840196527454173,-0.37613401060847884,-0.5603628594363912,-0.2742498482972354,-0.10537335917105273,-0.4954640573924268,2021,2021Q2,3.1288671449368906,0.5,1.0,2.0,4.873458919752088
2021-04-01,TLRY,223.39999389648438,2.7864405745166843,-0.6504459357995319,33.20487991032499,-0.5026857586862743,-0.11548786256871402,-0.23008055192831078,-0.235899724207967,-0.23813786213840804,-0.14950758643243633,-0.20143241373968612,-0.34601606940413265,-0.3871978619662856,-0.49462844847617693,2021,2021Q2,3.1219037373014746,0.5,1.0,2.0,3.189047989052286
2021-04-01,JKS,35.40082931518555,2.1286764337138018,-0.5139919868326978,39.86346041017404,-0.2888367223897549,-0.09165683830426674,-0.10975321965298923,-0.07802586498119901,-0.13302006494531582,-0.016921234273497676,0.22373666705638895,0.28672144687862167,0.15628674860171454,0.07661575314530045,2021,2021Q2,-0.95,-0.95,-0.95,-0.95,1.4069726865812908
2021-04-01,SOS,3615.0,2.5441176470588234,-0.6234375,36.22526636225266,-0.5788381742738589,0.08921161825726132,-0.09751037344398339,-0.10165975103734437,-0.14730290456431538,-0.25103734439834025,-0.3278008298755186,-0.446058091286307,-0.43775933609958506,-0.558091286307054,2021,2021Q2,3.65076071922545,0.5,1.0,2.0,3.8236514522821574
2021-04-01,FUBO,22.440000534057617,1.7365854946365702,-0.6380645075151997,22.102887470663333,-0.27139037467245075,0.038770004954516546,-0.15953653469270734,-0.07932266685751488,-0.11942960077511111,0.2709447316847575,0.3796790707506479,0.1662210095126886,0.2990195599277621,0.06773611917290778,2021,2021Q2,-0.95,-0.95,-0.95,-0.95,1.2615864556037564
2021-04-01,BB,8.600000381469727,1.5595240029685953,-0.6573705079375718,18.323593339971254,-0.07674422034577566,0.061627873193258464,0.011627839925551386,0.02906976615241441,0.001162706367904942,0.7732557352972813,0.41511622517092395,0.1744185969144867,0.32674410945341825,0.13139524542363867,2021,2021Q2,-0.95,-0.95,-0.95,-0.95,-0.3604648304518695
2021-04-01,AMC,93.5999984741211,2.572518921698682,-0.5296482488737634,43.37260692360235,-0.07905984665079768,0.0064102402126318125,-0.00320507935100256,0.0854700868634295,0.03739316300275042,5.682692416634395,4.792735267585938,2.7606838219908987,4.035256361924788,3.0662394477361605,2021,2021Q2,-1.0,-1.0,-1.0,-1.0,-0.341167944576686
2021-04-05,SPCE,592.0,1.2839505097212376,-0.5017673587546156,32.28881950132423,-0.4763513513513513,-0.09560806686813772,-0.24121619559623098,-0.21689188158189932,-0.29729729729729726,0.04763515575512045,0.5182432226232581,0.060810810810810745,-0.0949324530524176,-0.19493242212243977,2021,2021Q2,0.6244368510203315,0.5,1.0,0.6244368510203315,2.9695945945945943
2021-04-05,FCEL,407.1000061035156,8.762589895809368,-0.5146637910967693,34.581105864271294,-0.5887988420861909,-0.1606484719134461,-0.3212970187902371,-0.2181282657312641,-0.36256449002848834,-0.26013262664888437,-0.38246133596824494,-0.543109807881691,-0.5305821585890039,-0.5261606705861002,2021,2021Q2,3.384672254884168,0.5,1.0,2.0,3.9066570173849247
2021-04-05,SNDL,10.699999809265137,1.1659918391348358,-0.6372881420588089,19.444429432899497,-0.37383178236474335,-0.13084108817628326,-0.12149534709423004,-0.1859812903356336,-0.2616822209167876,0.20560746247492045,-0.1588784896793275,-0.2383177790832124,-0.28130839305607436,-0.37383178236474335,2021,2021Q2,2.115264853039528,0.5,1.0,2.0,2.115264853039528
2021-04-08,GME,42.564998626708984,51.067276911296766,-0.5100572941145889,41.646770498315334,-0.1719134850112819,-0.08116993134799388,-0.11212261807705015,0.034829132655306294,-0.053741302664713775,0.7620110987843067,0.12404564229636805,-0.108598560031274,0.16880069552692345,0.004757505247953597,2021,2021Q2,-0.8,-0.8,-0.8,-0.8,0.43261237509401584
2021-04-12,CAN,13.140000343322754,3.1062500461004667,-0.6390109947116142,27.128902359160975,-0.5783866197029254,-0.056316644250966164,0.114155248158897,0.0068492539240538886,-0.21689500053308508,-0.30974128935748113,-0.4923896573805354,-0.2831050357558911,-0.32800611164419613,-0.5220700117409354,2021,2021Q2,3.350583431174462,0.5,1.0,2.0,3.8198884975243783
2021-04-15,RUN,47.20000076293945,3.118673700333728,-0.5108808211094357,41.50058701842381,-0.16419491260019536,0.12499994948758997,0.09872880873067813,-0.009957652820043239,-0.12245768009674463,-0.08538140950960371,-0.001906782862990064,-0.010805129830228966,-0.05741523391246417,0.052118623828586896,2021,2021Q2,-0.95,-0.95,-0.95,-0.95,0.3682909383349614
2021-04-16,CHPT,445.3999938964844,1.295876257198373,-0.5169197463161774,53.749475339250786,-0.19533004308980684,0.09474632416999751,0.1369555474537727,0.016165272352259175,0.03637182853396337,0.40772341399205625,0.03098342725562353,0.012572981994286136,-0.07453969947105377,-0.1055231267266773,2021,2021Q2,-0.12064061061102249,-0.12064061061102249,-0.12064061061102249,-0.12064061061102249,0.6277503590817237
2021-04-16,CLSK,18.940000534057617,10.141176472238191,-0.5310720272278153,42.02289925179509,-0.43400211379338294,0.05121432344261323,0.1378035179201642,0.019007322748253674,-0.22597679862517828,0.02534316413419324,-0.27402325172721287,-0.2750792420756666,-0.32893349103702263,-0.19693771862378862,2021,2021Q2,0.6411476551982386,0.5,1.0,0.6411476551982386,2.6166842816115246
2021-04-19,GREE,165.21739196777344,1.4963502387486347,-0.5183098700573507,34.89208371527789,-0.27485380765070144,0.08479530300423344,0.10526320164223435,-0.14327482868686547,-0.23391814890844187,0.1959063833300685,0.28362576420984453,1.4502924770544254,1.6328947262697935,0.46776315200097685,2021,2021Q2,-1.0,0.5,-1.0,-1.0,1.2904483970891787
2021-04-20,RIOT,38.560001373291016,34.054545943205014,-0.5050064105521086,36.50761047517816,-0.4234958830257156,0.05082984996546891,-0.025674316473249137,-0.22536307636329178,-0.37396269372621815,-0.1654564533427223,-0.3296161965550396,-0.1729772237057705,-0.24014527506330707,-0.22717847054585882,2021,2021Q2,0.8931539212154903,0.5,1.0,2.0,2.5291323585476304
2021-04-21,BLDP,20.06999969482422,1.0563523795248475,-0.5103684100269857,29.211293732047807,-0.34828101033408543,0.1315395829492343,-0.2232187150153101,-0.28300943885745344,-0.21973093744238514,-0.15695065602530212,-0.17538617395551992,-0.25161929814891193,-0.24962627560475403,-0.1699053263210314,2021,2021Q2,0.4158777193419283,0.5,1.0,0.4158777193419283,1.9023417527840454
2021-04-22,MSTR,59.81999969482422,3.785217003430435,-0.5300642583534271,40.57939219402902,-0.24687398247636982,0.09496823445070857,0.018187918033621076,-0.18408560838809973,-0.24687398247636982,-0.07435637027025688,-0.07064523481049656,0.19786022393076563,-0.028719466957592088,0.2674356599840806,2021,2021Q2,-1.0,0.5,1.0,-1.0,1.057283187303082
2021-04-27,SKLZ,398.0,1.01010101010101,-0.5448307537883468,55.98315936667327,-0.5954773869346734,-0.1477386627964039,-0.2648241052675486,-0.17939696958915674,-0.14874374926389766,0.027135647721026945,-0.28341705475620294,-0.45527637424181455,-0.42864323141586835,-0.4427135601714628,2021,2021Q2,2.6892796680955233,0.5,1.0,2.0,3.9623115577889454
2021-05-04,HUT,25.049999237060547,7.4915250278485015,-0.5178056040582211,32.51589024341652,-0.28942116649943417,-0.0718562591569869,-0.16766463008019084,-0.15449098003002115,-0.19201595259237236,0.029940120672355297,-0.03592812957849345,0.618762493895342,0.8502993966382237,1.8063874328487626,2021,2021Q2,-1.0,0.5,-1.0,-1.0,1.4118430541619515
2021-05-04,PACB,25.459999084472656,6.599999943064218,-0.502248322092593,28.861056732771416,-0.1241162592711681,-0.0538098578613182,-0.042026698087227365,0.009033835736672602,0.000392781981203294,0.31500395703685813,0.1865671708879555,0.2604085352131331,0.014925415623717964,0.08719565202408197,2021,2021Q2,-0.95,-0.95,-0.95,-0.95,0.034302160593067496
2021-05-05,PTON,82.62000274658203,1.2810601866947744,-0.506510550411013,11.39188098397068,-0.0032680254597559077,0.08145721984761711,0.1686032418554,0.326071095575293,0.24679252858645007,0.49709511413110286,0.46368913441095994,0.2224642537206687,-0.0032680254597559077,0.08169934368925258,2021,2021Q2,-0.95,-0.95,-0.95,-0.95,-0.9727664545020341
2021-05-10,BLNK,30.1299991607666,16.934523869922508,-0.5037879025849976,37.760560767474594,-0.12977099091670297,0.020577525937694796,0.0809824295393553,0.1755724910562566,0.3166279214704095,0.17490881221047538,0.18552944625419943,0.035844671549555285,-0.0989047336621468,0.043478307659457816,2021,2021Q2,-0.8,-0.8,-0.8,-0.8,0.0814249243058581
2021-05-10,MARA,27.81999969482422,29.91111159089172,-0.5081329734910246,39.236242276524244,-0.2933141602057687,-0.1962616514869504,-0.16786485001877183,-0.09417681382549414,-0.06038822155301238,-0.004672867080972254,0.2933141602057687,0.34040263567885565,0.38102079764196306,1.2940330839290999,2021,2021Q2,-1.0,0.5,-1.0,-1.0,1.4442846683814061
2021-05-10,BE,20.09000015258789,1.4204818904720011,-0.5289566369558556,42.2526461640754,-0.15828771931423558,-0.023892460855680864,0.08760578474436298,0.21652565198758267,0.26231958276440426,0.15032356569567518,0.14982579422699027,0.02140369845245571,-0.046291702245506605,0.5928322427552557,2021,2021Q2,-1.0,-1.0,-1.0,-1.0,0.31906432761862985
2021-05-10,TWST,96.33000183105469,1.4617939995291338,-0.5368081874037842,33.32594850336319,-0.0851240986377021,-0.027198200942392226,0.031039113536128093,0.09913832908580478,0.10837739659054058,0.3319837550052802,0.17138995321303385,0.15228898463714158,0.04235442492994301,0.4105678635937464,2021,2021Q2,-1.0,-1.0,-1.0,-1.0,-0.2906325113524825
2021-05-10,VFF,8.369999885559082,1.4545453592034496,-0.5678885119815855,35.578136493021944,-0.10035838557178478,0.007168509012792201,0.053763418807392105,0.13978495726297058,0.2891278505832737,0.21863798670575707,0.18637998099715603,0.06212669831224704,-0.03464754669272696,-0.08243728394918248,2021,2021Q2,-0.3130226337568126,-0.3130226337568126,-0.3130226337568126,-0.3130226337568126,-0.1636801202351268
2021-05-11,NVAX,138.17999267578125,4.639999701052296,-0.5680930333536638,29.704746486002705,-0.12433053688236573,0.0460993683139268,0.0678101814490748,0.23968745210232956,0.48313803230737906,0.36314959179589934,0.6660154792019757,0.8727022921533734,0.1872196536923887,0.2521349938006334,2021,2021Q2,-1.0,-1.0,-1.0,-1.0,0.03608780735304777
2021-05-13,FVRR,157.97000122070312,1.8964062810591122,-0.5110801663987209,16.95957778814224,0.0,0.1537633291032059,0.24789519123569637,0.25207312627538925,0.2885990756827046,0.3711464482481033,0.08932076027927738,0.1975058346973868,0.13205039215773406,0.11660440606827849,2021,2021Q2,-0.95,-0.95,-0.95,-0.95,-0.8
2021-05-13,OGI,9.720000267028809,1.076923210161604,-0.5949999888737997,44.26229380049133,-0.09465021101024818,0.09876543331005716,0.19341564432030545,0.2674896457168692,0.2921810776303626,0.08641976641062987,0.10288065560986648,0.016460889199236384,-0.07818932181101179,-0.07818932181101179,2021,2021Q2,-0.3484223182415684,-0.3484223182415684,-0.3484223182415684,-0.3484223182415684,-0.21124824158126518
2021-05-13,NIO,31.219999313354492,8.07558104478069,-0.503182698320398,19.64282044045467,0.0,0.09961571384051493,0.2463164863289471,0.3433696204076777,0.49103139849040867,0.3789237727063537,0.3603460011139845,0.229660481549945,0.13741188669224735,0.2668161469222987,2021,2021Q2,-1.0,-1.0,-1.0,-1.0,-0.8
2021-06-17,DQ,61.40999984741211,4.3877874295213495,-0.5052767162957368,27.680257310223467,-0.31884054820075924,-0.0802800898457181,0.07539490440676744,0.10405476665401725,0.04771204197620582,-0.20664384722749285,-0.0159583055637742,0.041687044123952965,0.15828036850932303,-0.31884054820075924,2021,2021Q2,1.6570045683396604,0.5,1.0,1.6570045683396604,1.6570045683396604
2021-07-01,FUBO,30.959999084472656,1.9070422716827489,-0.5006451760568926,54.510398498827946,-0.5025839769403022,-0.06879842453983975,-0.16117570796766578,-0.13695090104975638,-0.15471573481347534,-0.05846251677863101,-0.22609819790048713,-0.037144691619420356,-0.36627902392046896,-0.47868217484078934,2021,2021Q3,2.9890181236732447,0.5,1.0,2.0,3.188199807835852
2021-07-01,CLSK,16.229999542236328,5.877118755794405,-0.5981678685938302,38.128652544257726,-0.39309915839267506,-0.031423246432035756,-0.15280342650549517,-0.16943931469890094,-0.16574243106926456,-0.14972269994079346,-0.2858902970128546,0.24830565621138745,0.09550222970589228,-0.3783117413940733,2021,2021Q3,2.152597844950611,0.5,1.0,2.0,2.275826319938959
2021-07-01,FCEL,258.0,2.7719297404165495,-0.6924177351518046,26.201929013874008,-0.4058139416598534,-0.06395348837209303,-0.2383720930232558,-0.2558139534883721,-0.2639535120291303,-0.27441861647968147,-0.22209303508433265,-0.07093024438665818,0.009302301924358103,-0.38023258179657216,2021,2021Q3,2.168604848304768,0.5,1.0,2.0,2.381782847165445
2021-07-01,BTBT,6.300000190734863,3.8461541706288473,-0.7847625523673735,35.48387810045034,-0.32857144587164244,-0.10634921523959406,-0.27460316931699813,-0.32857144587164244,0.6507935402645069,1.0349205248720525,0.147619015901989,1.2619046934247486,0.5619047388378102,-0.006349200101906871,2021,2021Q3,-0.9470899991507761,0.5,1.0,-0.9470899991507761,1.738095382263687
2021-07-01,TLRY,178.39999389648438,1.5449357743188044,-0.7208574546839495,33.85826771653544,-0.6048206142826034,-0.09360985156721624,-0.22029141893229187,-0.23822870770197668,-0.18105374942843688,-0.23262332634428307,-0.3671524361632629,-0.4226457201575624,-0.43273542370767715,-0.5919282200536418,2021,2021Q3,3.9327351671136817,0.5,1.0,2.0,4.040171785688361
2021-07-01,PLUG,33.310001373291016,2.7553553329264178,-0.5448209724736075,55.09066229864923,-0.2867007130196838,-0.11768243236356501,-0.2191534327063266,-0.19513664483245963,-0.2008405961646662,-0.21765240493691207,-0.23326328842465605,0.14890419933905297,0.1963373410748055,-0.1341939668692812,2021,2021Q3,0.11828305724401005,0.5,0.11828305724401005,0.11828305724401005,1.3891726084973652
2021-07-01,CAN,7.619999885559082,3.0531914387692582,-0.7906593525788296,40.802673158455846,-0.35826772441915666,-0.1154855810573745,-0.24278214336178217,-0.2440944467994276,0.015748016714081325,0.2335957689900401,-0.19816270009482928,0.1246718928520607,0.15354331940493227,-0.3359580027856802,2021,2021Q3,1.799650023214002,0.5,1.0,1.799650023214002,1.985564370159639
2021-07-01,BB,12.170000076293945,1.5460250088110126,-0.5151394465603856,32.82051198450645,-0.2933442623207747,-0.03122433131131397,-0.1692687269270764,-0.16351682486793917,-0.17009036005319267,-0.062448662622627826,-0.20049305823839036,-0.11257188800086515,-0.21774852932764,-0.22021366379415053,2021,2021Q3,0.8351138649512545,0.5,0.8351138649512545,0.8351138649512545,1.4445355193397893
2021-07-02,RIOT,36.22999954223633,14.820960762339775,-0.5349165746781086,52.9663971292975,-0.38365994463582276,-0.1333149319550866,-0.28346675648701225,-0.06155118880519528,-0.13110681921103884,0.0074524002532461164,-0.27960251970075845,-0.2246756691277062,-0.017388933924241123,-0.38365994463582276,2021,2021Q3,2.1971662052985232,0.5,1.0,2.0,2.1971662052985232
2021-07-02,MSTR,63.56100082397461,4.416361540991459,-0.5006755898630114,54.93748374390616,-0.21536789853161076,-0.07381887135112042,-0.21536789853161076,0.07377163850851054,-0.016598233059568868,0.10523747406919948,-0.03642174307194124,0.1581315359646287,0.10991010455742911,-0.14335833913241014,2021,2021Q3,0.1946528261034179,0.5,0.1946528261034179,0.1946528261034179,0.7947324877634231
2021-07-08,MARA,27.790000915527344,26.790000915527344,-0.5086633620795765,41.86380158644976,-0.19575388106655578,-0.11910763815202285,-0.09103996413443438,-0.011155140808858599,0.23245767800112604,0.417416268152756,0.4019430658854064,1.3134220510084993,0.504498020722632,0.0658510206339562,2021,2021Q3,-0.95,-0.95,-0.95,-0.95,0.6312823422212982
2021-07-14,GME,41.904998779296875,40.0833329048032,-0.517654195830971,11.494938653582338,-0.22819473281369818,0.10851928750319528,0.008948813051517623,-0.12420947781840641,-0.03144009764460076,0.2134590133729699,0.04892025084058971,0.18834272905298288,-0.05136619055699221,-0.2226464213850997,2021,2021Q3,0.855386844875831,0.5,0.855386844875831,0.855386844875831,0.9016227734474849
2021-07-14,HUT,21.149999618530273,3.7528091067543077,-0.5928777804057619,58.80681907465633,-0.12765952266142144,-0.002364030163704678,0.0709219870947797,0.23640662364926568,0.5531914452300997,1.2789598880517095,1.387706898857584,2.330969182927002,1.075650227786129,0.6052010106513024,2021,2021Q3,-1.0,-1.0,-1.0,-1.0,0.0638293555118454
2021-07-16,BITF,3.1600000858306885,10.747212485688792,-0.5065583726062555,26.61123063019457,-0.03481016788817204,0.04113920015548511,0.32594934918142826,0.8829112809030268,1.022151801557884,0.7373416525319412,0.582278438035428,1.7151897755251415,0.569620222602971,0.41772148651565666,2021,2021Q3,-1.0,-1.0,-1.0,-1.0,-0.7099152675985664
2021-07-16,CHPT,459.20001220703125,1.2845771751593595,-0.5019522644175366,26.623718175425168,-0.35583628064102335,-0.01742160232433354,0.030052237426219763,0.03702090493920873,-0.017857168965697334,-0.10235191365545948,-0.13240421753981801,0.16811848901307402,-0.15069688668874048,-0.35583628064102335,2021,2021Q3,1.9653023386751947,0.5,1.0,1.9653023386751947,1.9653023386751947
2021-07-23,DQ,59.06999969482422,1.698492523611391,-0.5241279223246119,47.102897182211265,-0.36363635776552117,0.0030472372795957714,-0.015574710914141532,-0.12815303426330493,-0.1704757025029503,0.03385813459171638,0.22583382488918513,0.12290506473231955,-0.3076011217676947,-0.3138649231642342,2021,2021Q3,1.6155410263686185,0.5,1.0,1.6155410263686185,2.0303029813793434
2021-07-28,OGI,10.920000076293945,1.0073529340868177,-0.5449999968210856,53.20512624573751,-0.4981684999279504,-0.08791209079119167,-0.014652000576396595,-0.1062270915116873,-0.06593408992659677,-0.098901091223489,-0.16849818129418492,-0.20879118287927545,-0.2893772733822688,-0.4981684999279504,2021,2021Q3,3.1514041660662535,0.5,1.0,2.0,3.1514041660662535
2021-08-02,PENN,68.12000274658203,1.012407852799785,-0.5008426603849996,44.39728787477437,-0.3992954122275266,0.043159053045681794,-0.003816825099049459,0.03097475815145101,0.19054602472385174,0.06371104173374964,0.051086253482479194,-0.24794484033095798,-0.24691724649652103,-0.33044628932226405,2021,2021Q3,1.7537190776855338,0.5,1.0,1.7537190776855338,2.327461768562722
2021-08-04,AMC,298.3999938964844,6.27804863162157,-0.5229416564404726,40.21600786787477,-0.5134048260114497,0.05730565165308832,0.22486597679620846,0.473190399112454,0.4872654050620522,0.2322386720107883,0.2999329820061851,0.014745288158453329,-0.11125999453260804,-0.483243967485688,2021,2021Q3,3.0270330623807333,0.5,1.0,2.0,3.278373550095414
2021-08-13,GRWG,31.489999771118164,1.5191999816894532,-0.5123877535107855,28.243505327586803,-0.7770720853619986,-0.06351222656515698,-0.010479514960451741,0.009844378158005096,-0.1797395963337961,-0.3356621077056583,-0.28294696450217627,-0.552238790601647,-0.6475071304493827,-0.706573520537372,2021,2021Q3,4.888112671144767,0.5,1.0,2.0,5.475600711349989
2021-08-16,JKS,36.27440643310547,1.042154318289929,-0.5019988926696026,46.05969792171651,-0.1403669614784463,-0.05504579920030439,0.1256882078863677,0.18279823638743364,0.11720193187212535,0.1571101546957352,0.4121561011231536,0.038761533929855485,0.03830281630746413,-0.10022927468141629,2021,2021Q3,-0.16475604432153088,-0.16475604432153088,-0.16475604432153088,-0.16475604432153088,0.1697246789870525
2021-08-17,BLNK,30.260000228881836,1.865530210838779,-0.5016469100701472,32.37901376735742,-0.38532715661658035,0.0766689221620862,0.07171183277859905,0.03139454224736227,-0.017845370503729807,-0.06378057800983361,0.5482484507519876,-0.004296135728087513,-0.22736288883265032,-0.15994712875012884,2021,2021Q3,0.33289273958440707,0.5,0.33289273958440707,0.33289273958440707,2.211059638471503
2021-08-24,SNDL,7.699999809265137,1.2383720003443206,-0.7389830573130463,48.43304642044026,-0.4389610027699905,0.01298706285023532,-0.04935060350865461,-0.051948003693320643,-0.08831166820555025,-0.1428571340104421,-0.10389606931354645,-0.1493506035086546,-0.40259740018466605,-0.3376623336411101,2021,2021Q3,1.8138527803425841,0.5,1.0,2.0,2.6580083564165875
2021-09-14,GREE,570.0482788085938,4.812807469409528,-0.6757351194499885,50.103584957242184,-0.8722915132663667,-0.47127286389424206,-0.5828423453031697,-0.5544237050748362,-0.5798601471079656,-0.5509152303116458,-0.6921313395300541,-0.7194974533899534,-0.7973855824257621,-0.870888131391352,2021,2021Q3,6.257401094927934,0.5,1.0,2.0,6.26909594388639
2021-09-24,XPEV,35.34000015258789,1.0252148199124127,-0.5103228342910688,32.2891474713752,-0.441143182944957,0.003395555499905001,0.06564798202623456,0.21080930194602443,0.36078098316211626,0.4516128753696096,0.3041878877641373,0.07555173054377562,-0.022071272663527597,-0.23457840633088622,2021,2021Q3,0.9548200527573852,0.5,0.9548200527573852,0.9548200527573852,2.6761931912079753
2021-09-28,PACB,24.8700008392334,1.5906249844779579,-0.5137829892996066,29.28832756691078,-0.6610373936185348,0.009650171412119768,-0.022919243383122567,0.020104542948435666,0.02573379043231938,-0.06232412915579766,-0.2010454294843571,-0.6212304077837614,-0.5207076930415828,-0.5850422458151261,2021,2021Q3,3.8753520484593844,0.5,1.0,2.0,4.508644946821123
2021-10-01,GREE,250.89999389648438,1.8380490225479558,-0.857278655904582,3.6049446712779343,-0.7098445403637856,-0.0852929231449624,-0.0334794503819319,-0.18852127916943529,0.054603477641707476,-0.32762056176914867,-0.36030289396412407,-0.49541649440472535,-0.6412913424097892,-0.540852930447774,2021,2021Q4,3.5071077537314506,0.5,1.0,2.0,4.915371169698214
2021-10-01,BLNK,28.280000686645508,1.6504217886067827,-0.534255597527835,42.48756190579217,-0.3422913744746445,-0.042079225783737795,0.0017680069252670183,-0.02121642032890969,0.18175379623406562,0.2637906934473335,-0.06258841636448431,-0.26131545677390333,-0.15063649665657575,-0.049151388375088034,2021,2021Q4,-0.5904050968742663,0.5,1.0,-0.5904050968742663,1.8524281206220379
2021-10-01,RIOT,26.100000381469727,8.84905639327944,-0.664955072269169,37.40157438925396,-0.48467434434160916,-0.0103448449738478,0.06704980744913902,0.08352491468634304,0.07624520084417341,0.3639845959311212,-0.14444445987212584,-0.3605363873516625,-0.3881226040760113,-0.20574715558417955,2021,2021Q4,0.714559629868163,0.5,1.0,2.0,3.03895286951341
2021-10-01,OGI,9.079999923706055,1.1619048419182572,-0.621666669845581,35.29411558461457,-0.427312791524482,-0.008810564358837869,-0.013215846538256693,0.03083697525593232,0.013215846538256804,-0.1629955981838176,-0.2290748833902072,-0.2907488864171779,-0.378854635035768,-0.25991191116124557,2021,2021Q4,1.1659325930103799,0.5,1.0,2.0,2.5609399293706834
2021-10-01,MSTR,61.24599838256836,3.1115734934877928,-0.5188618552385694,43.209379915389974,-0.47841490810089715,0.15733281612001448,0.22432489616649876,0.1731704808968968,0.20190708708685134,0.15186296139130873,-0.11097863125449581,-0.3909806318435858,-0.3000359196677528,-0.19834763299853364,2021,2021Q4,0.6528969416544471,0.5,1.0,2.0,2.9867909008408096
2021-10-01,BTBT,8.069999694824219,1.007462620177495,-0.7242910977582953,32.89280152184607,-0.6505576158755699,0.40644371879582253,0.3903346581567875,0.2602231054378583,0.4622057790538605,0.16728629894937463,-0.2465922981873806,-0.51053281325189,-0.560099121863274,-0.5551424969108987,2021,2021Q4,3.626187474257489,0.5,1.0,2.0,4.4213134656297495
2021-10-01,CAN,6.409999847412109,2.373684172551057,-0.8239011104750954,32.56172796353903,-0.47737909760090647,-0.020280755179150955,0.015600683907987856,0.2714508287891222,0.3962558537155807,0.3338534156419255,-0.19656782871116196,-0.29641180401858425,-0.024960975229462057,-0.1154445848258362,2021,2021Q4,-0.03796179311803168,0.5,1.0,-0.03796179311803168,2.9781591466742205
2021-10-01,BB,9.699999809265137,1.1179039237660224,-0.6135458302053957,39.67827677933149,-0.3876288480390735,-0.03195870845752813,0.06597941813477615,0.12577322587815964,0.17216495970430978,-0.08453605267507125,-0.03608241594614281,-0.16185564182430234,-0.30618555140122783,-0.3041236976569205,2021,2021Q4,1.534364147141004,0.5,1.0,1.534364147141004,2.2302404003256124
2021-10-01,TLRY,111.5,1.266260127458958,-0.82553590320861,39.285713204451085,-0.5623318454075288,-0.05919281142709498,-0.08161433609077218,-0.006277999535804324,-0.0358744394618834,-0.16860989284087724,-0.3695066990873739,-0.44215245952520665,-0.5139013384489735,-0.32914795469275504,2021,2021Q4,1.7428996224396254,0.5,1.0,2.0,3.686098711729407
2021-10-01,FUBO,24.40999984741211,1.277052167852013,-0.6062903250417402,36.029413827149405,-0.7472347351551469,0.029086480797195113,0.14748055731149012,0.16837364342660144,0.3543630307230812,-0.2716099632204422,-0.3641949793207776,-0.537894313663133,-0.6894715292466638,-0.7316673399557896,2021,2021Q4,5.097227832964913,0.5,1.0,2.0,5.226956126292891
2021-10-01,SNDL,6.699999809265137,1.5769230980844902,-0.7728813623977919,36.861312471307116,-0.35522383662049695,0.014925430495003944,-0.020895503055387565,-0.014925359325276832,-0.019402931537996326,-0.15522387932233328,-0.13731337696227397,-0.26567160949910884,-0.23880596271361065,0.04477614914555761,2021,2021Q4,-0.8,0.5,1.0,-0.8,1.9601986385041412
2021-10-01,FCEL,192.89999389648438,2.0619046650235613,-0.7700286162330088,57.068060782365066,-0.44634522327113324,-0.006220824189793084,0.14930017606539026,0.13374807603987193,0.48211510079106823,0.23950240367463915,-0.19129079867304688,-0.30637632304146833,-0.11508552436842134,-0.10730947435566218,2021,2021Q4,-0.10575438036948179,0.5,1.0,-0.10575438036948179,2.719543527259444
2021-10-04,GME,42.84000015258789,17.24920067571733,-0.5068919001040466,25.213362620952523,-0.5441760017965764,0.03933243154270216,0.08555090808761223,0.015231095944533424,0.2079248643551892,0.05952379150275289,-0.1080765885066306,-0.41619980999530826,-0.3483893366923565,-0.0036764990696109834,2021,2021Q4,-0.9693625077532418,0.5,1.0,2.0,3.5348000149714704
2021-10-04,PACB,24.350000381469727,1.0794193255462146,-0.5239491758538843,32.69755046894616,-0.6537987608578855,-0.0151951060959723,-0.002464043737265942,0.06201232875671492,0.1478439558551019,-0.11457909124512888,-0.1416838073466682,-0.5314168513896582,-0.561396298239764,-0.5716632385306664,2021,2021Q4,3.7638603210888864,0.5,1.0,2.0,4.448323007149046
2021-10-07,LCID,243.8000030517578,1.5108136651179755,-0.580017221271735,55.74433576054267,-0.11607876414074458,-0.015176361369678482,0.003281390655224703,0.4552911540269591,0.7145200769799014,0.7998358584918195,0.5676784553849725,0.10623465476239136,0.036095172032830636,-0.08449551208226325,2021,2021Q4,-0.2958707326478063,-0.2958707326478063,-0.2958707326478063,-0.2958707326478063,-0.032676965493795104
2021-10-08,STEM,442.6000061035156,1.281443330430493,-0.5571342852798035,41.03194622109516,-0.6615454112381497,-0.003163113143195395,-0.04518752761906286,0.07139630742825842,0.12019878209628998,-0.11025760876093049,-0.284681424000096,-0.47763218761870296,-0.600994117333536,-0.5372797102857269,2021,2021Q4,3.477330919047724,0.5,1.0,2.0,4.512878426984581
2021-11-05,BNTX,213.80807495117188,1.3547824660696408,-0.5155960289740941,37.70400684847141,-0.4172359711866708,0.09924296998185711,0.33747227223049525,0.6733751894608997,0.3972028227550908,-0.008770260844071731,-0.20231719297985185,-0.3527972129282879,-0.21939618584645904,-0.352289438447813,2021,2021Q4,1.9357453203984418,0.5,1.0,1.9357453203984418,2.47696642655559
2021-11-05,MRNA,236.99000549316406,2.3154727806846966,-0.5108262536461945,24.784827306243514,-0.4663910031930846,-0.02447361879117349,0.11304271346964279,0.5549601300644496,0.1914004791719368,-0.0883159941323941,-0.323726737172113,-0.398750992909386,-0.3290856309778586,-0.4269800417567612,2021,2021Q4,2.5581670146396767,0.5,1.0,2.0,2.886591693275705
2021-11-16,CLSK,18.399999618530273,1.0627802086493983,-0.5444416960489974,53.34713363932524,-0.7271739084238364,-0.02989126350343252,-0.11304347645808255,-0.1994565300206833,-0.37119565572315005,-0.5961956531316437,-0.41739127775671747,-0.3499999844509619,-0.4831521507584976,-0.6874999935212341,2021,2021Q4,4.729166612676951,0.5,1.0,2.0,5.059782570198637
2021-12-01,AMC,285.70001220703125,5.8843376435429215,-0.5432453841614209,25.892855115487706,-0.6370318777827126,0.13230656695099174,-0.13685685835806682,0.003850106891631455,-0.04795243829777507,-0.40987049737561654,-0.3678683990652243,-0.18445925780654993,-0.4571228579748079,-0.5344767437264857,2021,2021Q4,3.453972864387381,0.5,1.0,2.0,4.308598981522605
2021-12-03,ASAN,66.9800033569336,1.4652191081653405,-0.5305578441601442,14.261108825100479,-0.7233502574208616,0.013884745574284985,0.11600472161311237,0.1407882925135686,0.027918707427086575,-0.3123320533765992,-0.3681696390891064,-0.4272917484650941,-0.6003284694521815,-0.6715437608630306,2021,2021Q4,4.596198007191922,0.5,1.0,2.0,5.027918811840514
2021-12-13,MARA,36.84000015258789,6.755789505807977,-0.5158364840892674,30.564883931270217,-0.8194896832838289,-0.11862103457613005,-0.04614551454663973,-0.07356132120651704,-0.17589575231804466,-0.2690010805202444,-0.3916938177363748,-0.3946797191993485,-0.6908251819721385,-0.8116178059588595,2021,2021Q4,5.763481716323829,0.5,1.0,2.0,5.829080694031908
2021-12-16,UPST,140.63999938964844,3.772310915050366,-0.6393846169496193,25.27859169333307,-0.8009101242781939,0.05332764528262657,0.07579638586726256,-0.16844427292531627,-0.218501108225978,0.052403264712542086,-0.10786403750554818,-0.3778441383693558,-0.6562855491867567,-0.7501422103089481,2021,2021Q4,5.251185085907902,0.5,1.0,2.0,5.674251035651616
2021-12-16,WULF,16.229999542236328,1.9289166181336044,-0.5500364552585997,17.319393193046224,-0.883548980961064,-0.11337025574925197,-0.0727048296231112,-0.20455944476057308,-0.13739985244195863,-0.23290202338787902,-0.5391250628437899,-0.6407886575391277,-0.8016019642988513,-0.8718422684921745,2021,2021Q4,6.265352237434787,0.5,1.0,2.0,6.362908174675534
2021-12-17,HUT,39.0,2.957382223393792,-0.5094339622641509,17.898835226069522,-0.80256410745474,0.12948715992462945,-0.003846192971253992,-0.1525641221266526,-0.22179486201359677,-0.18076921120668066,-0.2705128009502704,-0.4423076923076923,-0.6833333235520582,-0.7897435946342273,2021,2021Q4,5.581196621951894,0.5,1.0,2.0,5.6880342287895
2022-01-03,MARA,32.88999938964844,1.9872841694744188,-0.5677487058404527,41.49073337364433,-0.8376406125970144,-0.12040131219093297,-0.20735785410110696,-0.32563086905509175,-0.30009118622821196,-0.3061720851838501,-0.12070536293788992,-0.46001822564729233,-0.7324414608075513,-0.828215256910413,2022,2022Q1,5.901793807586775,0.5,1.0,2.0,5.980338438308453
2022-01-03,HUT,38.849998474121094,1.5483764359304448,-0.5113207739104265,45.77777581862529,-0.8288288196511217,-0.14929213551769027,-0.20463318321328905,-0.29472327684177224,-0.21621616579411396,-0.3153152786044865,-0.285714257659883,-0.48391248328062797,-0.7027026861164849,-0.8223938129633728,2022,2022Q1,5.853281774694773,0.5,1.0,2.0,5.906906830426014
2022-01-03,MRNA,235.0500030517578,1.1037321756884326,-0.5148306345913884,33.23348262920487,-0.5016805116670173,-0.00574348473085684,-0.20608381966597888,-0.3510317323733724,-0.2784088559530732,-0.41944265074602527,-0.2659434543885556,-0.3403531119392671,-0.4165071596860007,-0.3211657286238845,2022,2022Q1,1.6763810718657042,0.5,1.0,2.0,3.180670930558478
2022-01-03,UPST,144.66000366210938,2.288474611105113,-0.629076913686899,46.96682665981684,-0.8064426981116273,-0.20904192401237154,-0.24021843716503388,-0.3488179554573323,-0.2686990305722162,-0.11330014499330099,-0.21298219554834918,-0.35317297576335605,-0.664454585326121,-0.7712567446778302,2022,2022Q1,5.427139538981919,0.5,1.0,2.0,5.720355817596894
2022-01-04,GME,37.227500915527344,7.572826509355616,-0.5714943469900611,51.12380428708129,-0.4754549816035838,-0.12497481802887722,-0.28433283813059707,-0.30656101271384695,-0.3336243306924115,-0.33281850761648313,0.03142832959967268,-0.19998660718768768,-0.1397488217501731,-0.09260632735066399,2022,2022Q1,-0.22828060541113343,0.5,1.0,-0.22828060541113343,2.9621248466965318
2022-01-04,AMC,254.89999389648438,11.87373756153367,-0.5924860209488659,53.57917460407126,-0.5931737958755894,-0.10592389425856474,-0.2812867738920377,-0.3746567370997381,-0.4166339721113148,-0.40329537173200614,-0.16790894004630674,-0.42369557703425886,-0.5311886902259821,-0.43193406622613917,2022,2022Q1,2.5994505518844933,0.5,1.0,2.0,3.9431149656299116
2022-01-04,ASAN,68.8499984741211,1.4115586799998021,-0.5174516259573104,54.930989900676224,-0.7580246882115158,-0.04328243708907509,-0.2290486128186907,-0.3007988314227342,-0.3310094060408184,-0.38533041927762435,-0.4428467471241836,-0.6111837174865615,-0.6804647714223375,-0.7039941958978124,2022,2022Q1,4.8666182991484375,0.5,1.0,2.0,5.316872401762632
2022-01-05,BNTX,208.6661834716797,1.3193284992884782,-0.5272455078434918,17.73891007286541,-0.40934368018128064,0.044648295188344234,-0.2596603897566878,-0.2690725006466109,-0.16487720387941718,-0.39384190897545746,-0.2117958951373612,-0.3559570511380975,-0.2326500036891742,-0.18467859979859813,2022,2022Q1,0.5389883316549845,0.5,1.0,2.0,2.4111973348440054
2022-04-07,AMC,197.3000030517578,1.094479930399186,-0.6845723372473896,58.05658189706867,-0.6690319207211182,-0.08667007521043868,-0.16269642983783839,-0.2245311828005222,-0.3654333755109045,-0.314749139092638,-0.24227066554691545,0.13786110759008352,-0.5620881896123765,-0.6690319207211182,2022,2022Q2,4.575266006009318,0.5,1.0,2.0,4.575266006009318
2023-05-26,GOTU,2.490000009536743,1.1465517941255512,-0.5266159883673496,38.333332450301654,-0.10040160604116288,0.0481927249395504,0.3333333014165223,0.23694775578698857,0.19277109125906744,0.775100425447899,0.34939754306303916,0.06827312274812924,0.016064241646516875,-0.020080302058146038,2023,2023Q2,-0.8326641495154496,-0.8326641495154496,-0.8326641495154496,-0.8326641495154496,-0.16331994965697594
2023-09-22,GOTU,2.5899999141693115,1.0887095921369552,-0.5076046004811885,32.32321675462069,-0.13513510279201058,0.0656370972693523,0.04633209573528063,-0.019305001534071664,-0.06563700521584381,0.050193096042094876,0.4131274930966773,0.2972972997852299,1.123552193925076,1.6332047867456203,2023,2023Q3,-1.0,-1.0,-1.0,-1.0,0.12612585660008818
2023-10-02,CIFR,2.5399999618530273,1.0819671330225162,-0.5124760185690089,38.181820152219416,-0.10039365348506013,0.003937004178520276,0.047244144007827726,0.051181148186348,0.3110236116998568,0.0905511899715512,0.6259843214438179,0.12598422757823413,0.1299212317567544,0.7125984133712651,2023,2023Q4,-1.0,-1.0,-1.0,-1.0,-0.16338622095783223
2023-10-03,GOTU,2.569999933242798,1.1239668200164412,-0.5114068780584207,53.6585344578941,-0.12840464290972353,0.08949417317037622,0.01945523486967371,0.038910562509224755,-0.10116731409218038,0.11284045501398454,0.4241245840082728,0.5680935075836129,1.8793775438080234,1.5875487424532864,2023,2023Q4,-1.0,-1.0,-1.0,-1.0,0.07003869091436281
2023-10-17,BTBT,2.140000104904175,1.0776700624726137,-0.5337690558250592,53.46535424743782,-0.15420567567654886,0.07943917268311473,-0.018691681453631315,0.056074710129257355,0.046728925107714536,0.49532705178395586,0.15887845677677492,0.4345793377333813,0.0,-0.09813090984201878,2023,2023Q4,-0.18224241798317684,-0.18224241798317684,-0.18224241798317684,-0.18224241798317684,0.2850472973045739
2023-11-22,IREN,3.1600000858306885,1.038709795512224,-0.5922580534412015,40.00000298023197,0.0,0.5617088002332278,0.8386075268894275,0.857594850038113,1.648734069055827,0.2848100735770278,1.1867087530776557,0.8006328805920566,0.6360759290722855,1.4778480098198274,2023,2023Q4,-1.0,-1.0,-1.0,-1.0,-0.8
2023-12-15,HUT,10.5,1.0,-0.530201350300401,54.13763034000571,-0.3971428644089472,0.41333334786551346,0.20000003633045016,0.11714281354631706,-0.32190477280389695,-0.04000000726608999,-0.2333333151681083,-0.24952379862467444,-0.12761906215122765,0.13904762268066406,2023,2023Q4,-0.95,0.5,1.0,-0.95,2.30952387007456
2023-12-19,GREE,5.090000152587891,1.036000061035156,-0.5198113236405238,50.59760899409871,-0.5599214258573513,0.6444007140753332,0.3084478679290392,0.10216109338663415,-0.22396857971105733,-0.20039291755382738,-0.31041259621992745,-0.43222003570376666,-0.46168960169015816,-0.4577603324707171,2023,2023Q4,2.814669437255976,0.5,1.0,2.0,3.666011882144594
2024-01-03,UPST,34.810001373291016,1.633131669453026,-0.5171313199943274,48.99446429744808,-0.37833959965734576,0.021832757585477536,-0.10542952711454057,-0.04538930677167363,-0.0606147810143588,-0.298764754828726,-0.2789428500072272,-0.30623387917875633,-0.29589200626438794,-0.333524853557164,2024,2024Q1,1.7793737796430333,0.5,1.0,1.7793737796430333,2.152829997144548
2024-01-05,WULF,1.9299999475479126,1.3827159776136728,-0.5012919884701511,53.0364368757107,-0.321243534517236,-0.11917093581086069,-0.24870461808770628,-0.025906711748779898,-0.11917093581086069,-0.04663208114780393,0.15544045579209853,0.20725387928965833,0.6632125001999689,1.6062177961191262,2024,2024Q1,-1.0,0.5,1.0,-1.0,1.6770294543103
2024-01-17,IREN,4.710000038146973,1.5737704522911082,-0.5073221933670358,21.745153927916235,-0.22505306458480845,-0.15074310666594049,-0.16772822833433187,-0.1252654241633533,0.643312040006536,-0.021231402085489348,-0.04458599499918303,0.237791905836102,2.067940486673566,1.1719744075121188,2024,2024Q1,-1.0,-1.0,-1.0,-1.0,0.8754422048734039
2024-01-18,CIFR,2.630000114440918,1.3482143778962135,-0.5009487430816764,11.403506203554556,-0.13117871239468337,-0.1026616758921659,0.08745238427634061,0.10266158523871782,0.43726228399549627,0.5589352571203752,0.39923950822317433,0.4638782270361217,0.9049429699157467,1.3536120866429395,2024,2024Q1,-1.0,-1.0,-1.0,-1.0,0.09315593662236148
2024-01-19,BTBT,2.5299999713897705,1.0569105139490373,-0.5029469753348726,10.248444744532648,-0.28458499476374366,0.10671936125682957,0.011857696335581869,0.2015810261780775,0.13438731937318726,0.0,-0.21739128795885332,0.043478314133726714,0.1304347539279933,0.5592885287962057,2024,2024Q1,-1.0,0.5,-1.0,-1.0,1.3715416230311972
2024-03-06,IONQ,9.920000076293945,1.0121704709342594,-0.500503536181999,40.733944151439964,-0.3377016006923368,-0.02923386689744556,-0.03427420866663067,-0.037298375273532414,-0.07157258394016308,-0.06451616314521791,-0.2006048621623373,-0.22681451438461953,-0.2731854856153805,-0.29032258994869575,2024,2024Q1,1.4193549162391315,0.5,1.0,1.4193549162391315,1.8141800057694732
2024-08-07,CLSK,11.079999923706055,1.172549045273819,-0.5264957220370255,22.08760968364146,-0.26985557686881867,-0.00812275750971192,0.12003609502383417,-0.03610104885239751,-0.26985557686881867,-0.17870032092690258,-0.046931363508116775,0.2572202528063243,-0.033393491706390166,0.022563177050670902,2024,2024Q3,-0.8,0.5,1.0,-0.8,1.2487964739068222
2024-08-13,SMCI,56.74300003051758,1.2302007727449236,-0.5223934582181365,32.6771083504341,-0.6826040177784805,0.07662618420625389,-0.03487655024387826,-0.253705301106829,-0.2208201676428454,-0.1576053572889572,-0.5906103038305562,-0.32520309298179195,-0.46196005374714355,-0.2548860871551063,2024,2024Q3,1.1240507262925525,0.5,1.0,2.0,4.688366814820671
2024-10-01,CLSK,8.609999656677246,1.2598424635135088,-0.6320512907248488,42.165895377096874,-0.21951218836807485,0.0452962089284521,0.3042973275297651,0.42044135074403766,0.40069696870009763,0.6666667774302386,0.06968645823399222,0.229965223561317,-0.006968579365256078,-0.13937280570441257,2024,2024Q4,0.1614400475367715,0.1614400475367715,0.1614400475367715,0.1614400475367715,0.8292682364006237
2024-10-03,MARA,15.470000267028809,1.1191780634010509,-0.5020920367242272,44.88188787168687,-0.2740789044347458,-0.01551394445053722,0.1641887471241048,0.177763348342453,0.04137041579028189,0.6244343068517029,0.2695539140685823,0.10084036151838505,0.03555269432716668,-0.2721396228492472,2024,2024Q4,1.2678301904103935,0.5,1.0,1.2678301904103935,1.2839908702895484
2024-10-09,IREN,7.510000228881836,1.2896342360941455,-0.5003326438917223,47.635137420923165,-0.2942742970430001,0.24500667064052117,0.15579228237495624,0.3741676937819167,0.4926763910120453,0.9320905175314795,0.4647136704066106,0.6537948998362626,-0.10119842952321623,-0.25033289708978224,2024,2024Q4,1.0861074757481854,0.5,1.0,1.0861074757481854,1.4522858086916677
2024-10-29,SMCI,49.119998931884766,1.0347970245992673,-0.5865563539190912,57.53085745305645,-0.6333468929049347,-0.4360748907720592,-0.55822473056176,-0.4244706622048997,-0.28603419264206076,-0.3754071463291343,-0.4193810855469955,-0.20317589086424248,-0.2856270171901353,-0.31372150208678384,2024,2024Q4,1.6143458507231987,0.5,1.0,2.0,4.27789077420779
2025-01-21,NVAX,8.8100004196167,1.1435523438981958,-0.5798759795854568,54.308948271004134,-0.383654986412036,0.08059023885697636,-0.04199782311128386,-0.08286043826799327,-0.1010216005598642,-0.1373439792681389,-0.2905789214171318,-0.19296256584925997,-0.2837684855576802,-0.11010218170579955,2025,2025Q1,-0.08248181911833705,0.5,1.0,-0.08248181911833705,2.1971248867669666
2025-01-27,ASTS,19.15999984741211,5.220779325331138,-0.5036269273363391,31.514227628867317,-0.07515660467252638,0.12056364740808645,0.6252609414218986,0.6127348572345555,0.42171189916775487,0.3465552944952286,0.26565763012129584,0.29331946158613764,1.5762004699085885,1.770876856753139,2025,2025Q1,-1.0,-1.0,-1.0,-1.0,-0.3736949610622801
2025-02-27,IONQ,24.90999984741211,1.2161922023717304,-0.5122381046354959,9.222342025744453,-0.26655959174316357,-0.1778402381498213,-0.14211156282068305,-0.15134486073292108,-0.0826976908294279,0.12765958750120787,0.7342433170439173,0.7250100957012757,0.6009635211723356,0.7382577078401293,2025,2025Q1,-1.0,-1.0,-1.0,-1.0,1.22132993119303
2025-03-07,WULF,3.5999999046325684,1.0809247774231667,-0.5918367313838875,31.700287352807436,-0.3777777586454222,-0.09444442310450929,-0.11111107431811951,-0.24444441648177084,-0.25833329249311265,-0.15277776857952985,0.2083333388522821,0.36944443303861707,0.37222227446827016,1.5555555702727522,2025,2025Q1,-1.0,0.5,1.0,-1.0,2.1481479887118518
2025-03-17,SPWR,1.4900000095367432,1.131616605871066,-0.5162337511541627,46.93877699970027,-0.15436242792038357,0.0805369154364508,0.04026841771510825,-0.040268497721342444,0.22147653745179818,0.2550335522143885,0.302013452888249,0.13422821906282945,0.11409393019904113,0.05369130362637864,2025,2025Q1,-0.95,-0.95,-0.95,-0.95,0.2863535660031965
2025-04-01,IONQ,23.190000534057617,1.3213214279645573,-0.5459173551471971,53.54371661831526,-0.10823631613097917,-0.08236307906103835,0.09529965647163219,0.15567048813565854,0.18068126477855873,0.7494609211087231,0.9297110379225149,0.643811904010112,0.8538163298155268,1.7205691547928939,2025,2025Q2,-1.0,-1.0,-1.0,-1.0,-0.09803069890850688
2025-04-01,SPWR,1.5099999904632568,1.5124791396144066,-0.5097402506924976,47.36842303394981,-0.1655629149529344,-0.06622518177048375,0.20529805559384462,0.31125829905868874,0.2847682579291151,0.006622510282393357,0.29139076821150844,-0.01986753084718018,-0.006622510282393357,0.21192056587623798,2025,2025Q2,-1.0,-1.0,-1.0,-1.0,0.37969095794112007
2025-04-04,GME,23.489999771118164,1.0641475865461527,-0.5181538508488581,49.971670745222035,-0.059174091238497706,0.12388249790406825,0.13963391735228492,0.17454237639077497,0.10855688247151463,0.2537250340525474,-0.03150275769810873,-0.028948501992403952,-0.037462714744194825,0.06641121673659867,2025,2025Q2,-0.95,-0.95,-0.95,-0.95,-0.5068825730125192
2025-04-23,UPST,43.97999954223633,1.010973838800179,-0.5045623385672225,45.36448911450002,-0.0013642877197711512,0.08685765653898359,0.05593449545423912,0.1668940479532952,0.03751708829133382,0.4745338596887023,0.8804001320832437,0.5654842926499075,0.4183720263163806,0.145520727432765,2025,2025Q2,-0.95,-0.95,-0.95,-0.95,-0.9886309356685737
2025-05-09,FUBO,2.690000057220459,1.0534352478770734,-0.5073260002881983,44.44444996339282,0.0,0.19330853898338685,0.2118958814565124,0.3234200249267063,0.21933081844576252,0.23048322392963794,0.3345724304105817,0.46096653649071606,0.4237917629130248,0.4423791940175905,2025,2025Q2,-1.0,-1.0,-1.0,-1.0,-0.8
2025-05-30,BTDR,12.859999656677246,1.1047462153295107,-0.5072797138421696,41.44021876452053,-0.21073095727027258,0.08786937360874592,-0.013996839526197347,-0.15163295966751023,-0.12130633807073166,0.0023328683861925104,0.11119753836333013,0.3289269524757972,0.7970451965255108,0.042768289690372496,2025,2025Q2,-0.8,-0.8,-0.8,-0.8,0.7560913105856049
