date,portfolio_value,cash,positions
2017-03-17,100000.0,100000.0,0
2017-03-20,100000.0,100000.0,0
2017-03-21,100000.0,100000.0,0
2017-03-22,100000.0,100000.0,0
2017-03-23,100000.0,100000.0,0
2017-03-24,100000.0,100000.0,0
2017-03-27,100000.0,100000.0,0
2017-03-28,100000.0,100000.0,0
2017-03-29,100000.0,100000.0,0
2017-03-30,100000.0,100000.0,0
2017-03-31,100000.0,100000.0,0
2017-04-03,100000.0,100000.0,0
2017-04-04,100000.0,100000.0,0
2017-04-05,100000.0,100000.0,0
2017-04-06,100000.0,100000.0,0
2017-04-07,100000.0,100000.0,0
2017-04-10,100000.0,100000.0,0
2017-04-11,100000.0,100000.0,0
2017-04-12,100000.0,100000.0,0
2017-04-13,100000.0,100000.0,0
2017-04-17,100000.0,100000.0,0
2017-04-18,100000.0,100000.0,0
2017-04-19,100000.0,100000.0,0
2017-04-20,100000.0,100000.0,0
2017-04-21,100000.0,100000.0,0
2017-04-24,100000.0,100000.0,0
2017-04-25,100000.0,100000.0,0
2017-04-26,100000.0,100000.0,0
2017-04-27,100000.0,100000.0,0
2017-04-28,100000.0,100000.0,0
2017-05-01,100000.0,100000.0,0
2017-05-02,100000.0,100000.0,0
2017-05-03,100000.0,100000.0,0
2017-05-04,100000.0,100000.0,0
2017-05-05,100000.0,100000.0,0
2017-05-08,100000.0,100000.0,0
2017-05-09,100000.0,100000.0,0
2017-05-10,100000.0,100000.0,0
2017-05-11,100000.0,100000.0,0
2017-05-12,100000.0,100000.0,0
2017-05-15,100000.0,100000.0,0
2017-05-16,100000.0,100000.0,0
2017-05-17,100000.0,100000.0,0
2017-05-18,100000.0,100000.0,0
2017-05-19,100000.0,100000.0,0
2017-05-22,100000.0,100000.0,0
2017-05-23,100000.0,100000.0,0
2017-05-24,100000.0,100000.0,0
2017-05-25,100000.0,100000.0,0
2017-05-26,100000.0,100000.0,0
2017-05-30,100000.0,100000.0,0
2017-05-31,100000.0,100000.0,0
2017-06-01,100000.0,100000.0,0
2017-06-02,100000.0,100000.0,0
2017-06-05,100000.0,100000.0,0
2017-06-06,100000.0,100000.0,0
2017-06-07,100000.0,100000.0,0
2017-06-08,100000.0,100000.0,0
2017-06-09,100000.0,100000.0,0
2017-06-12,100000.0,100000.0,0
2017-06-13,100000.0,100000.0,0
2017-06-14,100000.0,100000.0,0
2017-06-15,100000.0,100000.0,0
2017-06-16,100000.0,100000.0,0
2017-06-19,100000.0,100000.0,0
2017-06-20,100000.0,100000.0,0
2017-06-21,100000.0,100000.0,0
2017-06-22,100000.0,100000.0,0
2017-06-23,100000.0,100000.0,0
2017-06-26,100000.0,100000.0,0
2017-06-27,100000.0,100000.0,0
2017-06-28,100000.0,100000.0,0
2017-06-29,100000.0,100000.0,0
2017-06-30,100000.0,100000.0,0
2017-07-03,100000.0,100000.0,0
2017-07-05,100000.0,100000.0,0
2017-07-06,100000.0,100000.0,0
2017-07-07,100000.0,100000.0,0
2017-07-10,100000.0,100000.0,0
2017-07-11,100000.0,100000.0,0
2017-07-12,100000.0,100000.0,0
2017-07-13,100000.0,100000.0,0
2017-07-14,100000.0,100000.0,0
2017-07-17,100000.0,100000.0,0
2017-07-18,100000.0,100000.0,0
2017-07-19,100000.0,100000.0,0
2017-07-21,100000.0,100000.0,0
2017-07-26,100000.0,100000.0,0
2017-08-04,100000.0,100000.0,0
2017-09-11,100000.0,100000.0,0
2017-09-12,100000.0,100000.0,0
2017-09-13,100000.0,100000.0,0
2017-09-14,100000.0,100000.0,0
2017-10-06,100000.0,100000.0,0
2017-10-09,100000.0,100000.0,0
2017-10-12,100000.0,100000.0,0
2017-10-16,100000.0,100000.0,0
2017-10-17,100000.0,100000.0,0
2017-10-18,100000.0,100000.0,0
2017-10-19,100000.0,100000.0,0
2017-10-20,100000.0,100000.0,0
2017-10-23,100000.0,100000.0,0
2017-10-24,100000.0,100000.0,0
2017-10-25,100000.0,100000.0,0
2017-10-26,100000.0,100000.0,0
2017-10-27,100000.0,100000.0,0
2017-10-30,100000.0,100000.0,0
2017-10-31,100000.0,100000.0,0
2017-11-01,100000.0,100000.0,0
2017-11-02,100000.0,100000.0,0
2017-11-03,100000.0,100000.0,0
2017-11-20,100000.0,100000.0,0
2017-11-21,100000.0,100000.0,0
2017-11-27,100000.0,100000.0,0
2017-11-28,100000.0,100000.0,0
2017-11-30,100000.0,100000.0,0
2017-12-07,100000.0,100000.0,0
2017-12-13,100000.0,100000.0,0
2017-12-14,100000.0,100000.0,0
2017-12-15,100000.0,100000.0,0
2017-12-18,100000.0,100000.0,0
2017-12-19,100000.0,100000.0,0
2017-12-20,100000.0,100000.0,0
2017-12-21,100000.0,100000.0,0
2017-12-22,100000.0,100000.0,0
2017-12-26,100000.0,100000.0,0
2017-12-27,100000.0,100000.0,0
2017-12-28,100000.0,100000.0,0
2017-12-29,100000.0,100000.0,0
2018-01-02,100000.0,100000.0,0
2018-01-03,100000.0,100000.0,0
2018-01-04,100000.0,100000.0,0
2018-01-05,100000.0,100000.0,0
2018-01-08,100000.0,100000.0,0
2018-01-09,100000.0,100000.0,0
2018-01-10,100000.0,100000.0,0
2018-01-11,100000.0,100000.0,0
2018-01-12,100000.0,100000.0,0
2018-01-16,100000.0,100000.0,0
2018-01-17,100000.0,100000.0,0
2018-01-18,100000.0,100000.0,0
2018-01-19,100000.0,100000.0,0
2018-01-22,100000.0,100000.0,0
2018-01-23,100000.0,100000.0,0
2018-01-24,100000.0,100000.0,0
2018-01-25,100000.0,100000.0,0
2018-01-26,100000.0,100000.0,0
2018-01-29,100000.0,100000.0,0
2018-01-30,100000.0,100000.0,0
2018-01-31,100000.0,100000.0,0
2018-02-01,100000.0,100000.0,0
2018-02-02,100000.0,100000.0,0
2018-02-05,100000.0,100000.0,0
2018-02-06,100000.0,100000.0,0
2018-02-07,100000.0,100000.0,0
2018-02-08,100000.0,100000.0,0
2018-02-09,100000.0,100000.0,0
2018-02-12,100000.0,100000.0,0
2018-02-13,100000.0,100000.0,0
2018-02-14,100000.0,100000.0,0
2018-02-15,100000.0,100000.0,0
2018-02-16,100000.0,100000.0,0
2018-02-20,100000.0,100000.0,0
2018-02-21,100000.0,100000.0,0
2018-02-28,100000.0,100000.0,0
2018-03-01,100000.0,100000.0,0
2018-03-02,100000.0,100000.0,0
2018-03-05,100000.0,100000.0,0
2018-03-06,100000.0,100000.0,0
2018-03-07,100000.0,100000.0,0
2018-03-08,100000.0,100000.0,0
2018-03-09,100000.0,100000.0,0
2018-03-12,100000.0,100000.0,0
2018-03-13,100000.0,100000.0,0
2018-03-14,100000.0,100000.0,0
2018-03-15,100000.0,100000.0,0
2018-03-16,100000.0,100000.0,0
2018-04-30,100000.0,100000.0,0
2018-05-01,100000.0,100000.0,0
2018-05-02,100000.0,100000.0,0
2018-05-03,100000.0,100000.0,0
2018-05-04,100000.0,100000.0,0
2018-05-07,100000.0,100000.0,0
2018-05-08,100000.0,100000.0,0
2018-05-09,100000.0,100000.0,0
2018-05-10,100000.0,100000.0,0
2018-05-11,100000.0,100000.0,0
2018-05-14,100000.0,100000.0,0
2018-05-15,100000.0,100000.0,0
2018-05-16,100000.0,100000.0,0
2018-05-17,100000.0,100000.0,0
2018-05-18,100000.0,100000.0,0
2018-05-21,100000.0,100000.0,0
2018-05-22,100000.0,100000.0,0
2018-05-23,100000.0,100000.0,0
2018-05-24,100000.0,100000.0,0
2018-05-25,100000.0,100000.0,0
2018-05-29,100000.0,100000.0,0
2018-05-30,100000.0,100000.0,0
2018-05-31,100000.0,100000.0,0
2018-06-01,100000.0,100000.0,0
2018-06-04,100000.0,100000.0,0
2018-06-05,100000.0,95000.0,1
2018-06-06,100000.0,95000.0,1
2018-06-07,100000.0,95000.0,1
2018-06-08,100000.0,95000.0,1
2018-06-11,100000.0,95000.0,1
2018-06-12,98733.09707428313,98733.09707428313,0
2018-06-13,98733.09707428313,98733.09707428313,0
2018-06-14,98733.09707428313,98733.09707428313,0
2018-06-15,98733.09707428313,98733.09707428313,0
2018-06-18,98733.09707428313,98733.09707428313,0
2018-06-19,98733.09707428313,98733.09707428313,0
2018-06-20,98733.09707428313,98733.09707428313,0
2018-06-28,98733.09707428313,98733.09707428313,0
2018-06-29,98733.09707428313,98733.09707428313,0
2018-07-02,98733.09707428313,98733.09707428313,0
2018-07-03,98733.09707428313,98733.09707428313,0
2018-07-05,98733.09707428313,98733.09707428313,0
2018-07-06,98733.09707428313,98733.09707428313,0
2018-07-09,98733.09707428313,98733.09707428313,0
2018-07-10,98733.09707428313,98733.09707428313,0
2018-07-11,98733.09707428313,98733.09707428313,0
2018-07-12,98733.09707428313,98733.09707428313,0
2018-07-17,98733.09707428313,98733.09707428313,0
2018-07-18,98733.09707428313,98733.09707428313,0
2018-07-19,98733.09707428313,98733.09707428313,0
2018-07-20,98733.09707428313,98733.09707428313,0
2018-07-23,98733.09707428313,98733.09707428313,0
2018-07-24,98733.09707428313,98733.09707428313,0
2018-07-25,98733.09707428313,98733.09707428313,0
2018-07-26,98733.09707428313,98733.09707428313,0
2018-07-27,98733.09707428313,98733.09707428313,0
2018-07-30,98733.09707428313,98733.09707428313,0
2018-07-31,98733.09707428313,98733.09707428313,0
2018-08-01,98733.09707428313,98733.09707428313,0
2018-08-02,98733.09707428313,98733.09707428313,0
2018-08-03,98733.09707428313,98733.09707428313,0
2018-08-06,98733.09707428313,98733.09707428313,0
2018-08-07,98733.09707428313,98733.09707428313,0
2018-08-08,98733.09707428313,98733.09707428313,0
2018-08-09,98733.09707428313,98733.09707428313,0
2018-08-10,98733.09707428314,93796.44222056898,1
2018-08-13,98733.09707428314,93796.44222056898,1
2018-08-14,98733.09707428314,93796.44222056898,1
2018-08-15,98733.09707428314,93796.44222056898,1
2018-08-16,98733.09707428314,93796.44222056898,1
2018-08-17,98733.09707428314,93796.44222056898,1
2018-08-20,98733.09707428314,93796.44222056898,1
2018-08-21,98733.09707428314,93796.44222056898,1
2018-08-22,98733.09707428314,93796.44222056898,1
2018-08-23,98733.09707428314,93796.44222056898,1
2018-08-24,98733.09707428314,93796.44222056898,1
2018-08-27,98733.09707428314,93796.44222056898,1
2018-08-28,98733.09707428314,93796.44222056898,1
2018-08-29,98733.09707428314,93796.44222056898,1
2018-08-30,98733.09707428314,93796.44222056898,1
2018-08-31,98733.09707428314,93796.44222056898,1
2018-09-04,98733.09707428314,93796.44222056898,1
2018-09-05,98733.09707428314,93796.44222056898,1
2018-09-06,98733.09707428314,93796.44222056898,1
2018-09-07,98733.09707428314,93796.44222056898,1
2018-09-10,97434.55439150687,92562.82667193153,1
2018-09-11,97434.55439150687,92562.82667193153,1
2018-09-12,97434.55439150687,92562.82667193153,1
2018-09-13,97434.55439150687,92562.82667193153,1
2018-09-14,97434.55439150687,92562.82667193153,1
2018-09-17,97434.55439150687,92562.82667193153,1
2018-09-18,97434.55439150687,92562.82667193153,1
2018-09-19,97434.55439150687,92562.82667193153,1
2018-09-20,97434.55439150687,92562.82667193153,1
2018-09-21,97434.55439150687,92562.82667193153,1
2018-09-24,97434.55439150687,92562.82667193153,1
2018-09-25,97434.55439150687,92562.82667193153,1
2018-09-26,97434.55439150687,92562.82667193153,1
2018-09-27,97434.55439150687,92562.82667193153,1
2018-09-28,97434.55439150687,92562.82667193153,1
2018-10-01,97434.55439150687,92562.82667193153,1
2018-10-02,97434.55439150687,92562.82667193153,1
2018-10-03,97434.55439150687,92562.82667193153,1
2018-10-04,97434.55439150687,92562.82667193153,1
2018-10-05,97434.55439150687,92562.82667193153,1
2018-10-08,97434.55439150687,92562.82667193153,1
2018-10-09,97434.55439150687,92562.82667193153,1
2018-10-10,98983.54686694097,98983.54686694097,0
2018-10-11,98983.54686694097,98983.54686694097,0
2018-10-12,98983.54686694097,98983.54686694097,0
2018-10-15,98983.54686694097,98983.54686694097,0
2018-10-16,98983.54686694097,98983.54686694097,0
2018-10-17,98983.54686694097,98983.54686694097,0
2018-10-18,98983.54686694097,98983.54686694097,0
2018-10-19,98983.54686694097,98983.54686694097,0
2018-10-22,98983.54686694097,98983.54686694097,0
2018-10-23,98983.54686694097,98983.54686694097,0
2018-10-24,98983.54686694097,98983.54686694097,0
2018-10-25,98983.54686694097,98983.54686694097,0
2018-10-26,98983.54686694097,98983.54686694097,0
2018-10-29,98983.54686694097,98983.54686694097,0
2018-10-30,98983.54686694097,98983.54686694097,0
2018-10-31,98983.54686694097,98983.54686694097,0
2018-11-01,98983.54686694097,98983.54686694097,0
2018-11-02,98983.54686694097,98983.54686694097,0
2018-11-05,98983.54686694097,98983.54686694097,0
2018-11-06,98983.54686694097,98983.54686694097,0
2018-11-07,98983.54686694097,98983.54686694097,0
2018-11-08,98983.54686694097,94034.36952359392,1
2018-11-09,98983.54686694097,94034.36952359392,1
2018-11-12,98983.54686694097,94034.36952359392,1
2018-11-13,98983.54686694097,94034.36952359392,1
2018-11-14,98983.54686694097,94034.36952359392,1
2018-11-15,98983.54686694097,94034.36952359392,1
2018-11-16,98983.54686694097,94034.36952359392,1
2018-11-19,98983.54686694097,94034.36952359392,1
2018-11-20,98983.54686694097,94034.36952359392,1
2018-11-21,98983.54686694097,94034.36952359392,1
2018-11-23,98983.54686694097,94034.36952359392,1
2018-11-26,98983.54686694097,94034.36952359392,1
2018-11-27,98983.54686694097,94034.36952359392,1
2018-11-28,98983.54686694097,94034.36952359392,1
2018-11-29,98983.54686694097,94034.36952359392,1
2018-11-30,98983.54686694097,94034.36952359392,1
2018-12-03,98983.54686694097,94034.36952359392,1
2019-02-25,98983.54686694097,94034.36952359392,1
2019-02-26,98983.54686694097,94034.36952359392,1
2019-02-27,98983.54686694097,94034.36952359392,1
2019-02-28,98983.54686694097,94034.36952359392,1
2019-03-01,98983.54686694097,94034.36952359392,1
2019-03-04,98983.54686694097,94034.36952359392,1
2019-03-05,98983.54686694097,94034.36952359392,1
2019-03-06,98983.54686694097,94034.36952359392,1
2019-03-07,98983.54686694097,94034.36952359392,1
2019-03-08,98983.54686694097,94034.36952359392,1
2019-03-11,98983.54686694097,94034.36952359392,1
2019-03-12,98983.54686694097,94034.36952359392,1
2019-03-13,98983.54686694097,94034.36952359392,1
2019-03-14,98567.18923004482,98567.18923004482,0
2019-03-15,98567.18923004482,98567.18923004482,0
2019-03-18,98567.18923004482,98567.18923004482,0
2019-03-19,98567.18923004482,98567.18923004482,0
2019-03-20,98567.18923004482,98567.18923004482,0
2019-03-21,98567.18923004482,98567.18923004482,0
2019-03-22,98567.18923004482,98567.18923004482,0
2019-03-25,98567.18923004482,98567.18923004482,0
2019-03-26,98567.18923004482,98567.18923004482,0
2019-03-27,98567.18923004482,98567.18923004482,0
2019-03-28,98567.18923004482,98567.18923004482,0
2019-03-29,98567.18923004482,98567.18923004482,0
2019-04-01,98567.18923004482,98567.18923004482,0
2019-04-02,98567.18923004482,98567.18923004482,0
2019-04-03,98567.18923004482,98567.18923004482,0
2019-04-04,98567.18923004482,98567.18923004482,0
2019-04-05,98567.18923004482,98567.18923004482,0
2019-04-08,98567.18923004482,98567.18923004482,0
2019-04-09,98567.18923004482,98567.18923004482,0
2019-04-10,98567.18923004482,98567.18923004482,0
2019-04-11,98567.18923004482,98567.18923004482,0
2019-04-12,98567.18923004482,98567.18923004482,0
2019-04-15,98567.18923004482,98567.18923004482,0
2019-04-16,98567.18923004482,98567.18923004482,0
2019-04-17,98567.18923004482,98567.18923004482,0
2019-04-18,98567.18923004482,98567.18923004482,0
2019-04-22,98567.18923004482,98567.18923004482,0
2019-04-23,98567.18923004482,98567.18923004482,0
2019-04-24,98567.18923004482,98567.18923004482,0
2019-04-25,98567.18923004482,98567.18923004482,0
2019-04-26,98567.18923004482,98567.18923004482,0
2019-04-29,98567.18923004482,98567.18923004482,0
2019-04-30,98567.18923004482,98567.18923004482,0
2019-05-01,98567.18923004482,98567.18923004482,0
2019-05-02,98567.18923004482,98567.18923004482,0
2019-05-03,98567.18923004482,98567.18923004482,0
2019-05-06,98567.18923004482,98567.18923004482,0
2019-05-07,98567.18923004482,98567.18923004482,0
2019-05-08,98567.18923004482,98567.18923004482,0
2019-05-09,98567.18923004482,93638.82976854258,1
2019-05-10,98567.18923004482,93638.82976854258,1
2019-05-13,98567.18923004482,93638.82976854258,1
2019-05-14,98567.18923004482,93638.82976854258,1
2019-05-15,98567.18923004482,93638.82976854258,1
2019-05-16,98567.18923004482,93638.82976854258,1
2019-05-17,98567.18923004482,93638.82976854258,1
2019-05-20,98567.18923004482,93638.82976854258,1
2019-05-21,98567.18923004482,93638.82976854258,1
2019-05-22,98567.18923004482,93638.82976854258,1
2019-05-23,98567.18923004482,93638.82976854258,1
2019-05-24,98567.18923004482,93638.82976854258,1
2019-05-28,98567.18923004482,93638.82976854258,1
2019-05-29,98567.18923004482,93638.82976854258,1
2019-05-30,98567.18923004482,93638.82976854258,1
2019-05-31,98567.18923004482,93638.82976854258,1
2019-06-03,98567.18923004482,93638.82976854258,1
2019-06-04,98567.18923004482,93638.82976854258,1
2019-06-05,98567.18923004482,93638.82976854258,1
2019-06-06,98567.18923004482,93638.82976854258,1
2019-06-07,98567.18923004482,93638.82976854258,1
2019-06-10,98567.18923004482,93638.82976854258,1
2019-06-11,98567.18923004482,93638.82976854258,1
2019-06-12,98567.18923004482,93638.82976854258,1
2019-06-13,98567.18923004482,93638.82976854258,1
2019-06-14,98567.18923004482,93638.82976854258,1
2019-06-17,98567.18923004482,93638.82976854258,1
2019-06-18,98567.18923004482,93638.82976854258,1
2019-06-19,98567.18923004482,93638.82976854258,1
2019-06-20,98567.18923004482,93638.82976854258,1
2019-06-21,98567.18923004482,93638.82976854258,1
2019-06-24,98567.18923004482,93638.82976854258,1
2019-06-25,98567.18923004482,93638.82976854258,1
2019-06-26,98567.18923004482,93638.82976854258,1
2019-06-27,98567.18923004482,93638.82976854258,1
2019-06-28,98567.18923004482,93638.82976854258,1
2019-07-01,98567.18923004482,93638.82976854258,1
2019-07-02,98567.18923004482,93638.82976854258,1
2019-07-03,98567.18923004482,93638.82976854258,1
2019-07-05,98567.18923004482,93638.82976854258,1
2019-07-08,98567.18923004482,93638.82976854258,1
2019-07-09,98567.18923004482,93638.82976854258,1
2019-07-10,98567.18923004482,93638.82976854258,1
2019-07-11,98567.18923004482,93638.82976854258,1
2019-07-12,98567.18923004482,93638.82976854258,1
2019-07-15,98567.18923004482,93638.82976854258,1
2019-07-16,98567.18923004482,93638.82976854258,1
2019-07-17,98567.18923004482,93638.82976854258,1
2019-07-18,98567.18923004482,93638.82976854258,1
2019-07-19,98567.18923004482,93638.82976854258,1
2019-07-22,98567.18923004482,93638.82976854258,1
2019-07-23,98567.18923004482,93638.82976854258,1
2019-07-24,98567.18923004482,93638.82976854258,1
2019-07-25,98567.18923004482,93638.82976854258,1
2019-07-26,98567.18923004482,93638.82976854258,1
2019-07-29,98567.18923004482,93638.82976854258,1
2019-07-30,98567.18923004482,93638.82976854258,1
2019-07-31,98567.18923004482,93638.82976854258,1
2019-08-01,98567.18923004482,93638.82976854258,1
2019-08-02,98567.18923004482,93638.82976854258,1
2019-08-05,98567.18923004482,93638.82976854258,1
2019-08-06,98567.18923004482,93638.82976854258,1
2019-08-07,98567.18923004482,93638.82976854258,1
2019-08-08,98567.18923004482,93638.82976854258,1
2019-08-09,98567.18923004482,93638.82976854258,1
2019-08-12,98567.18923004482,93638.82976854258,1
2019-08-13,98567.18923004482,93638.82976854258,1
2019-08-14,98567.18923004482,93638.82976854258,1
2019-08-15,98567.18923004482,93638.82976854258,1
2019-08-16,98567.18923004482,93638.82976854258,1
2019-08-19,98567.18923004482,93638.82976854258,1
2019-08-20,98567.18923004482,93638.82976854258,1
2019-08-21,98567.18923004482,93638.82976854258,1
2019-08-22,98567.18923004482,93638.82976854258,1
2019-08-23,98567.18923004482,93638.82976854258,1
2019-08-26,98567.18923004482,93638.82976854258,1
2019-08-27,98567.18923004482,93638.82976854258,1
2019-08-28,98567.18923004482,93638.82976854258,1
2019-08-29,98567.18923004482,93638.82976854258,1
2019-08-30,98567.18923004482,93638.82976854258,1
2019-09-03,98567.18923004482,93638.82976854258,1
2019-09-04,98567.18923004482,93638.82976854258,1
2019-09-05,98567.18923004482,93638.82976854258,1
2019-09-06,98567.18923004482,93638.82976854258,1
2019-09-09,98567.18923004482,93638.82976854258,1
2019-09-10,98567.18923004482,93638.82976854258,1
2019-09-11,98567.18923004482,93638.82976854258,1
2019-09-12,98567.18923004482,93638.82976854258,1
2019-09-13,98567.18923004482,93638.82976854258,1
2019-09-16,98567.18923004482,93638.82976854258,1
2019-09-17,98567.18923004482,93638.82976854258,1
2019-10-10,98567.18923004482,93638.82976854258,1
2019-10-11,98567.18923004482,93638.82976854258,1
2019-10-14,98567.18923004482,93638.82976854258,1
2019-10-15,98567.18923004482,93638.82976854258,1
2019-10-16,98567.18923004482,93638.82976854258,1
2019-10-17,98567.18923004482,93638.82976854258,1
2019-10-18,98567.18923004482,93638.82976854258,1
2019-10-21,98567.18923004482,93638.82976854258,1
2019-10-22,98567.18923004482,93638.82976854258,1
2019-10-23,98567.18923004482,93638.82976854258,1
2019-10-24,98567.18923004482,93638.82976854258,1
2019-10-25,98305.14699999895,98305.14699999895,0
2019-10-28,98305.14699999895,98305.14699999895,0
2019-10-29,98305.14699999895,98305.14699999895,0
2019-10-30,98305.14699999895,98305.14699999895,0
2019-10-31,98305.14699999895,98305.14699999895,0
2019-11-01,98305.14699999895,98305.14699999895,0
2019-11-04,98305.14699999895,98305.14699999895,0
2019-11-05,98305.14699999895,98305.14699999895,0
2019-11-06,98305.14699999895,98305.14699999895,0
2019-11-07,98305.14699999895,98305.14699999895,0
2019-11-08,98305.14699999895,98305.14699999895,0
2019-11-11,98305.14699999895,98305.14699999895,0
2019-11-12,98305.14699999895,98305.14699999895,0
2019-11-13,98305.14699999895,98305.14699999895,0
2019-11-14,98305.14699999895,98305.14699999895,0
2019-11-15,98305.14699999895,98305.14699999895,0
2019-11-18,98305.14699999895,98305.14699999895,0
2019-11-19,98305.14699999895,98305.14699999895,0
2019-11-20,98305.14699999895,98305.14699999895,0
2019-11-21,98305.14699999895,98305.14699999895,0
2019-11-22,98305.14699999895,98305.14699999895,0
2019-11-25,98305.14699999895,98305.14699999895,0
2019-11-26,98305.14699999895,98305.14699999895,0
2019-11-27,98305.14699999895,93389.88964999901,1
2019-11-29,98305.14699999895,93389.88964999901,1
2019-12-02,98305.14699999895,93389.88964999901,1
2019-12-03,98305.14699999895,93389.88964999901,1
2019-12-04,98305.14699999895,93389.88964999901,1
2019-12-05,98305.14699999895,93389.88964999901,1
2019-12-06,98305.14699999895,93389.88964999901,1
2019-12-09,98305.14699999895,93389.88964999901,1
2019-12-10,98305.14699999895,93389.88964999901,1
2019-12-11,98305.14699999895,93389.88964999901,1
2019-12-12,98305.14699999895,93389.88964999901,1
2019-12-13,98305.14699999895,93389.88964999901,1
2019-12-16,98305.14699999895,93389.88964999901,1
2019-12-17,98305.14699999895,93389.88964999901,1
2019-12-18,98305.14699999895,93389.88964999901,1
2019-12-19,98305.14699999895,93389.88964999901,1
2019-12-20,98305.14699999895,93389.88964999901,1
2019-12-23,98305.14699999895,93389.88964999901,1
2019-12-24,98305.14699999895,93389.88964999901,1
2019-12-26,98305.14699999895,93389.88964999901,1
2019-12-27,98305.14699999895,93389.88964999901,1
2019-12-30,98305.14699999895,93389.88964999901,1
2019-12-31,98305.14699999895,93389.88964999901,1
2020-01-02,98305.14699999895,93389.88964999901,1
2020-01-03,98305.14699999895,93389.88964999901,1
2020-01-06,98305.14699999895,93389.88964999901,1
2020-01-07,98305.14699999895,93389.88964999901,1
2020-01-08,98305.14699999895,93389.88964999901,1
2020-01-09,98305.14699999895,93389.88964999901,1
2020-01-10,98305.14699999895,93389.88964999901,1
2020-01-13,98305.14699999895,93389.88964999901,1
2020-01-14,98305.14699999895,93389.88964999901,1
2020-01-15,98305.14699999895,93389.88964999901,1
2020-01-16,98305.14699999895,88720.39516749905,2
2020-01-17,98305.14699999895,88720.39516749905,2
2020-01-21,98305.14699999895,88720.39516749905,2
2020-01-22,98305.14699999895,88720.39516749905,2
2020-01-23,98305.14699999895,88720.39516749905,2
2020-01-24,98305.14699999895,88720.39516749905,2
2020-01-27,98305.14699999895,88720.39516749905,2
2020-01-28,98305.14699999895,88720.39516749905,2
2020-01-29,98305.14699999895,88720.39516749905,2
2020-01-30,98305.14699999895,88720.39516749905,2
2020-01-31,98305.14699999895,88720.39516749905,2
2020-02-03,98305.14699999895,88720.39516749905,2
2020-02-04,98305.14699999895,88720.39516749905,2
2020-02-05,98305.14699999895,88720.39516749905,2
2020-02-06,98305.14699999895,88720.39516749905,2
2020-02-07,98305.14699999895,88720.39516749905,2
2020-02-10,98305.14699999895,88720.39516749905,2
2020-02-11,98305.14699999895,88720.39516749905,2
2020-02-12,98305.14699999895,88720.39516749905,2
2020-02-13,98305.14699999895,88720.39516749905,2
2020-02-14,98305.14699999895,88720.39516749905,2
2020-02-18,98305.14699999895,88720.39516749905,2
2020-02-19,98305.14699999895,88720.39516749905,2
2020-02-20,98305.14699999895,84284.3754091241,3
2020-02-21,98305.14699999895,84284.3754091241,3
2020-02-24,98305.14699999895,84284.3754091241,3
2020-02-25,98305.14699999895,84284.3754091241,3
2020-02-26,98305.14699999895,84284.3754091241,3
2020-02-27,98305.14699999895,84284.3754091241,3
2020-03-05,98305.14699999895,84284.3754091241,3
2020-03-06,98305.14699999895,84284.3754091241,3
2020-03-09,98305.14699999895,84284.3754091241,3
2020-03-10,98305.14699999895,84284.3754091241,3
2020-03-11,98305.14699999895,84284.3754091241,3
2020-03-13,98305.14699999895,84284.3754091241,3
2020-03-18,98305.14699999895,84284.3754091241,3
2020-03-19,98305.14699999895,84284.3754091241,3
2020-03-20,98305.14699999895,84284.3754091241,3
2020-03-23,98305.14699999895,84284.3754091241,3
2020-03-24,98305.14699999895,84284.3754091241,3
2020-03-25,98305.14699999895,84284.3754091241,3
2020-03-26,98305.14699999895,80070.15663866789,4
2020-03-27,98305.14699999895,80070.15663866789,4
2020-03-30,98305.14699999895,80070.15663866789,4
2020-03-31,98305.14699999895,80070.15663866789,4
2020-04-01,98305.14699999895,80070.15663866789,4
2020-04-02,98305.14699999895,80070.15663866789,4
2020-04-03,98305.14699999895,80070.15663866789,4
2020-04-06,98305.14699999895,80070.15663866789,4
2020-04-07,98305.14699999895,80070.15663866789,4
2020-04-08,98305.14699999895,80070.15663866789,4
2020-04-09,98305.14699999895,80070.15663866789,4
2020-04-13,98305.14699999895,80070.15663866789,4
2020-04-14,98305.14699999895,80070.15663866789,4
2020-04-15,98305.14699999895,80070.15663866789,4
2020-04-16,99328.09462978315,86008.36161845205,3
2020-04-17,99328.09462978315,86008.36161845205,3
2020-04-20,99328.09462978315,86008.36161845205,3
2020-04-21,99328.09462978315,86008.36161845205,3
2020-04-22,99328.09462978315,86008.36161845205,3
2020-04-23,99328.09462978315,86008.36161845205,3
2020-04-24,99328.09462978315,86008.36161845205,3
2020-04-27,99328.09462978315,86008.36161845205,3
2020-04-28,99328.09462978315,86008.36161845205,3
2020-04-29,99328.09462978315,86008.36161845205,3
2020-04-30,99328.09462978315,86008.36161845205,3
2020-05-01,99328.09462978315,86008.36161845205,3
2020-05-04,99328.09462978315,86008.36161845205,3
2020-05-05,99328.09462978315,86008.36161845205,3
2020-05-06,99328.09462978315,86008.36161845205,3
2020-05-07,99328.09462978315,86008.36161845205,3
2020-05-08,99328.09462978315,86008.36161845205,3
2020-05-11,99328.09462978315,86008.36161845205,3
2020-05-12,99328.09462978315,86008.36161845205,3
2020-05-13,99328.09462978315,86008.36161845205,3
2020-05-14,99328.09462978315,86008.36161845205,3
2020-05-15,99328.09462978315,86008.36161845205,3
2020-05-18,99328.09462978315,86008.36161845205,3
2020-05-19,99328.09462978315,86008.36161845205,3
2020-05-20,99328.09462978315,86008.36161845205,3
2020-05-21,99328.09462978315,86008.36161845205,3
2020-05-22,99328.09462978315,86008.36161845205,3
2020-05-26,99328.09462978315,86008.36161845205,3
2020-05-27,99328.09462978315,86008.36161845205,3
2020-05-28,99328.09462978315,86008.36161845205,3
2020-05-29,99328.09462978315,86008.36161845205,3
2020-06-01,99328.09462978315,86008.36161845205,3
2020-06-02,99328.09462978315,86008.36161845205,3
2020-06-03,99328.09462978315,86008.36161845205,3
2020-06-04,99328.09462978315,86008.36161845205,3
2020-06-05,99328.09462978315,86008.36161845205,3
2020-06-08,99328.09462978315,81707.94353752944,4
2020-06-09,99328.09462978315,81707.94353752944,4
2020-06-10,99328.09462978315,81707.94353752944,4
2020-06-11,99328.09462978315,81707.94353752944,4
2020-06-12,99328.09462978315,81707.94353752944,4
2020-06-15,99328.09462978315,81707.94353752944,4
2020-06-16,99328.09462978315,81707.94353752944,4
2020-06-17,99328.09462978315,81707.94353752944,4
2020-06-18,99328.09462978315,81707.94353752944,4
2020-06-19,98217.60177851065,80571.08598387749,4
2020-06-22,98217.60177851065,80571.08598387749,4
2020-06-23,98217.60177851065,80571.08598387749,4
2020-06-24,98217.60177851067,76542.53168468362,5
2020-06-25,98217.60177851067,76542.53168468362,5
2020-06-26,98217.60177851067,76542.53168468362,5
2020-06-29,98217.60177851067,76542.53168468362,5
2020-06-30,98217.60177851067,76542.53168468362,5
2020-07-01,98217.60177851067,76542.53168468362,5
2020-07-02,96109.20014816064,83170.56789363116,3
2020-07-06,96109.20014816064,83170.56789363116,3
2020-07-07,96109.20014816064,83170.56789363116,3
2020-07-08,96109.20014816064,79012.0394989496,4
2020-07-09,96109.20014816064,79012.0394989496,4
2020-07-10,96109.20014816064,79012.0394989496,4
2020-07-13,96109.20014816064,79012.0394989496,4
2020-07-14,96109.20014816064,79012.0394989496,4
2020-07-15,96109.20014816064,79012.0394989496,4
2020-07-16,96109.20014816064,79012.0394989496,4
2020-07-17,96109.20014816064,79012.0394989496,4
2020-07-20,96109.20014816064,79012.0394989496,4
2020-07-21,96109.20014816064,79012.0394989496,4
2020-07-22,96109.20014816064,79012.0394989496,4
2020-07-23,96109.20014816064,79012.0394989496,4
2020-07-24,96109.20014816064,79012.0394989496,4
2020-07-27,96109.20014816064,79012.0394989496,4
2020-07-28,96109.20014816064,79012.0394989496,4
2020-07-29,96109.20014816064,79012.0394989496,4
2020-07-30,96109.20014816064,79012.0394989496,4
2020-07-31,96109.20014816064,79012.0394989496,4
2020-08-03,96109.20014816064,79012.0394989496,4
2020-08-04,96109.20014816064,79012.0394989496,4
2020-08-05,96109.20014816064,79012.0394989496,4
2020-08-06,96109.20014816064,75061.43752400212,5
2020-08-07,96109.20014816064,75061.43752400212,5
2020-08-10,96109.20014816064,75061.43752400212,5
2020-08-11,96109.20014816064,75061.43752400212,5
2020-08-12,96109.20014816064,75061.43752400212,5
2020-08-13,96109.20014816064,75061.43752400212,5
2020-08-14,96109.20014816064,75061.43752400212,5
2020-08-17,96109.20014816064,75061.43752400212,5
2020-08-18,96109.20014816064,75061.43752400212,5
2020-08-19,96109.20014816064,75061.43752400212,5
2020-08-20,96109.20014816064,75061.43752400212,5
2020-08-21,96109.20014816064,75061.43752400212,5
2020-08-24,96109.20014816064,71308.36564780201,6
2020-08-25,96109.20014816064,71308.36564780201,6
2020-08-26,96109.20014816064,71308.36564780201,6
2020-08-27,96109.20014816064,71308.36564780201,6
2020-08-28,96109.20014816064,71308.36564780201,6
2020-08-31,95019.80580142348,70535.1493202458,6
2020-09-01,92247.19506071002,71851.77109151547,5
2020-09-02,92247.19506071002,71851.77109151547,5
2020-09-03,92247.19506071002,71851.77109151547,5
2020-09-04,92247.19506071002,71851.77109151547,5
2020-09-08,92247.19506071002,71851.77109151547,5
2020-09-09,92247.19506071002,71851.77109151547,5
2020-09-10,92247.19506071002,71851.77109151547,5
2020-09-11,92247.19506071002,71851.77109151547,5
2020-09-14,92247.19506071002,71851.77109151547,5
2020-09-15,92247.19506071002,71851.77109151547,5
2020-09-16,92247.19506071002,71851.77109151547,5
2020-09-17,92247.19506071002,71851.77109151547,5
2020-09-18,92247.19506071002,71851.77109151547,5
2020-09-21,92247.19506071002,71851.77109151547,5
2020-09-22,92247.19506071002,71851.77109151547,5
2020-09-23,92247.19506071002,71851.77109151547,5
2020-09-24,92247.19506071002,71851.77109151547,5
2020-09-25,92247.19506071,68259.1825369397,6
2020-09-28,92247.19506071,68259.1825369397,6
2020-09-29,92247.19506071,68259.1825369397,6
2020-09-30,92247.19506071002,64846.223410092716,7
2020-10-01,92247.19506071002,64846.223410092716,7
2020-10-02,92247.19506071002,64846.223410092716,7
2020-10-05,92247.19506071002,64846.223410092716,7
2020-10-06,92247.19506071002,64846.223410092716,7
2020-10-07,92247.19506071002,64846.223410092716,7
2020-10-08,92247.19506071002,64846.223410092716,7
2020-10-09,91317.52620463488,67509.14310859336,6
2020-10-12,91317.52620463488,67509.14310859336,6
2020-10-13,91317.52620463488,67509.14310859336,6
2020-10-14,91317.52620463488,67509.14310859336,6
2020-10-15,88807.51314274197,69668.6245292004,5
2020-10-16,88807.51314274197,69668.6245292004,5
2020-10-19,88807.51314274197,69668.6245292004,5
2020-10-20,88807.51314274197,69668.6245292004,5
2020-10-21,88807.51314274197,69668.6245292004,5
2020-10-22,88807.51314274197,69668.6245292004,5
2020-10-23,88496.30257270977,69918.09756040366,5
2020-10-26,88496.30257270977,66422.19268238348,6
2020-10-27,88496.30257270977,66422.19268238348,6
2020-10-28,88496.30257270977,66422.19268238348,6
2020-10-29,88496.30257270977,66422.19268238348,6
2020-10-30,88496.30257270977,66422.19268238348,6
2020-11-02,88496.30257270977,66422.19268238348,6
2020-11-03,88496.30257270977,66422.19268238348,6
2020-11-04,88496.30257270977,63101.08304826431,7
2020-11-05,88496.30257270977,63101.08304826431,7
2020-11-06,88496.30257270977,63101.08304826431,7
2020-11-09,89636.32589418133,67994.17824593597,6
2020-11-10,89636.32589418133,67994.17824593597,6
2020-11-11,89636.32589418133,67994.17824593597,6
2020-11-12,89636.32589418133,67994.17824593597,6
2020-11-13,89636.32589418133,67994.17824593597,6
2020-11-16,89636.32589418133,67994.17824593597,6
2020-11-17,89636.32589418133,67994.17824593597,6
2020-11-18,89636.32589418133,67994.17824593597,6
2020-11-19,89636.32589418133,67994.17824593597,6
2020-11-20,89636.32589418133,67994.17824593597,6
2020-11-23,89636.32589418133,67994.17824593597,6
2020-11-24,89636.32589418133,67994.17824593597,6
2020-11-25,89636.32589418133,67994.17824593597,6
2020-11-27,89636.32589418133,67994.17824593597,6
2020-11-30,89636.32589418133,64594.46933363917,7
2020-12-01,89636.32589418133,64594.46933363917,7
2020-12-02,89636.32589418133,64594.46933363917,7
2020-12-03,89636.32589418133,64594.46933363917,7
2020-12-04,89636.32589418133,64594.46933363917,7
2020-12-07,89636.32589418133,64594.46933363917,7
2020-12-08,89636.32589418133,64594.46933363917,7
2020-12-09,89636.32589418133,64594.46933363917,7
2020-12-10,88972.31162674916,67881.05704115448,6
2020-12-11,88972.31162674916,67881.05704115448,6
2020-12-14,88972.31162674916,67881.05704115448,6
2020-12-15,88972.31162674916,67881.05704115448,6
2020-12-16,88972.31162674916,67881.05704115448,6
2020-12-17,87981.93505524968,70290.3893819518,5
2020-12-18,87981.93505524968,70290.3893819518,5
2020-12-21,87981.93505524968,66775.8699128542,6
2020-12-22,86705.8259100845,62268.58824525258,7
2020-12-23,86705.8259100845,62268.58824525258,7
2020-12-24,86705.8259100845,62268.58824525258,7
2020-12-28,86705.8259100845,62268.58824525258,7
2020-12-29,86705.8259100845,62268.58824525258,7
2020-12-30,86705.8259100845,62268.58824525258,7
2020-12-31,86705.8259100845,62268.58824525258,7
2021-01-04,86705.8259100845,62268.58824525258,7
2021-01-05,87272.79521408484,66617.22971196425,6
2021-01-06,87272.79521408484,66617.22971196425,6
2021-01-07,87272.79521408484,66617.22971196425,6
2021-01-08,87272.79521408484,66617.22971196425,6
2021-01-11,86317.23139710586,62580.76310434337,7
2021-01-12,86317.23139710586,59451.724949126205,8
2021-01-13,86317.23139710586,59451.724949126205,8
2021-01-14,86317.23139710586,59451.724949126205,8
2021-01-15,86317.23139710586,59451.724949126205,8
2021-01-19,86317.23139710586,59451.724949126205,8
2021-01-20,86317.23139710586,59451.724949126205,8
2021-01-21,86317.23139710586,59451.724949126205,8
2021-01-22,86317.23139710586,56479.13870166989,9
2021-01-25,86317.23139710586,56479.13870166989,9
2021-01-26,86317.23139710586,56479.13870166989,9
2021-01-27,86317.23139710586,56479.13870166989,9
2021-01-28,86317.23139710586,56479.13870166989,9
2021-01-29,86317.23139710586,56479.13870166989,9
2021-02-01,86317.23139710586,56479.13870166989,9
2021-02-02,86317.23139710586,56479.13870166989,9
2021-02-03,86120.03287765477,59865.20849602572,8
2021-02-04,86120.03287765477,59865.20849602572,8
2021-02-05,86120.03287765477,59865.20849602572,8
2021-02-08,86120.03287765477,59865.20849602572,8
2021-02-09,86120.03287765477,59865.20849602572,8
2021-02-10,86120.03287765477,59865.20849602572,8
2021-02-11,86120.03287765477,59865.20849602572,8
2021-02-12,86120.03287765477,59865.20849602572,8
2021-02-16,86120.03287765477,56871.94807122443,9
2021-02-17,86120.03287765477,56871.94807122443,9
2021-02-18,86120.03287765477,56871.94807122443,9
2021-02-19,86120.03287765477,56871.94807122443,9
2021-02-22,86120.03287765477,56871.94807122443,9
2021-02-23,85095.46625913374,56348.736753981044,9
2021-02-24,85095.46625913374,56348.736753981044,9
2021-02-25,85095.46625913374,56348.736753981044,9
2021-02-26,85095.46625913374,56348.736753981044,9
2021-03-01,85095.46625913374,56348.736753981044,9
2021-03-02,85095.46625913374,56348.736753981044,9
2021-03-03,86232.41182702141,60935.46560415417,8
2021-03-04,86232.41182702141,60935.46560415417,8
2021-03-05,86232.41182702141,60935.46560415417,8
2021-03-08,87131.91863207654,64828.232834010596,7
2021-03-09,87131.91863207654,64828.232834010596,7
2021-03-10,87131.91863207654,64828.232834010596,7
2021-03-11,87131.91863207654,64828.232834010596,7
2021-03-12,87131.91863207654,64828.232834010596,7
2021-03-15,87131.91863207654,64828.232834010596,7
2021-03-16,87131.91863207654,64828.232834010596,7
2021-03-17,87131.91863207654,64828.232834010596,7
2021-03-18,87131.91863207654,64828.232834010596,7
2021-03-19,87131.91863207654,64828.232834010596,7
2021-03-22,87131.91863207654,64828.232834010596,7
2021-03-23,87131.91863207654,64828.232834010596,7
2021-03-24,87131.91863207654,64828.232834010596,7
2021-03-25,87131.91863207654,64828.232834010596,7
2021-03-26,87131.91863207654,64828.232834010596,7
2021-03-29,87131.91863207654,64828.232834010596,7
2021-03-30,87131.91863207654,64828.232834010596,7
2021-03-31,87131.91863207654,64828.232834010596,7
2021-04-01,87131.91863207654,64828.232834010596,7
2021-04-05,87131.91863207654,64828.232834010596,7
2021-04-06,87131.91863207654,64828.232834010596,7
2021-04-07,87131.91863207654,64828.232834010596,7
2021-04-08,87131.91863207654,64828.232834010596,7
2021-04-09,87131.91863207654,64828.232834010596,7
2021-04-12,87131.91863207654,64828.232834010596,7
2021-04-13,87131.91863207654,64828.232834010596,7
2021-04-14,87131.91863207654,64828.232834010596,7
2021-04-15,87131.91863207654,64828.232834010596,7
2021-04-16,87131.91863207654,64828.232834010596,7
2021-04-19,87131.91863207654,64828.232834010596,7
2021-04-20,87131.91863207654,64828.232834010596,7
2021-04-21,87131.91863207654,64828.232834010596,7
2021-04-22,87131.91863207654,64828.232834010596,7
2021-04-23,87131.91863207654,64828.232834010596,7
2021-04-26,86811.76206803715,68022.59573906878,6
2021-04-27,86775.3374613093,71263.46525051213,5
2021-04-28,86775.3374613093,71263.46525051213,5
2021-04-29,86775.3374613093,71263.46525051213,5
2021-04-30,86775.3374613093,71263.46525051213,5
2021-05-03,86775.3374613093,71263.46525051213,5
2021-05-04,86775.3374613093,71263.46525051213,5
2021-05-05,86775.3374613093,71263.46525051213,5
2021-05-06,86775.3374613093,71263.46525051213,5
2021-05-07,86775.3374613093,71263.46525051213,5
2021-05-10,86775.3374613093,71263.46525051213,5
2021-05-11,86775.3374613093,71263.46525051213,5
2021-05-12,86775.3374613093,71263.46525051213,5
2021-05-13,86775.3374613093,71263.46525051213,5
2021-05-14,86775.3374613093,71263.46525051213,5
2021-05-17,87516.39081209457,75298.2429752102,4
2021-05-18,87516.39081209457,75298.2429752102,4
2021-05-19,87516.39081209457,75298.2429752102,4
2021-05-20,87516.39081209457,75298.2429752102,4
2021-05-21,87516.39081209457,75298.2429752102,4
2021-05-24,87516.39081209457,75298.2429752102,4
2021-05-25,87516.39081209457,75298.2429752102,4
2021-05-26,87516.39081209456,71533.33082644969,5
2021-05-27,87516.39081209456,71533.33082644969,5
2021-05-28,87516.39081209456,71533.33082644969,5
2021-06-01,87516.39081209456,71533.33082644969,5
2021-06-02,87516.39081209456,71533.33082644969,5
2021-06-03,87516.39081209456,71533.33082644969,5
2021-06-04,87516.39081209456,71533.33082644969,5
2021-06-07,87516.39081209456,71533.33082644969,5
2021-06-08,87516.39081209456,71533.33082644969,5
2021-06-09,87966.50502813546,71377.53321516735,5
2021-06-10,87966.50502813546,71377.53321516735,5
2021-06-11,87966.50502813546,71377.53321516735,5
2021-06-14,87966.50502813546,71377.53321516735,5
2021-06-15,87966.50502813546,71377.53321516735,5
2021-06-16,87966.50502813546,71377.53321516735,5
2021-06-17,87966.50502813546,71377.53321516735,5
2021-06-18,87966.50502813546,71377.53321516735,5
2021-06-21,87966.50502813546,71377.53321516735,5
2021-06-22,87966.50502813546,71377.53321516735,5
2021-06-23,87966.50502813546,71377.53321516735,5
2021-06-24,87966.50502813546,71377.53321516735,5
2021-06-25,87966.50502813546,71377.53321516735,5
2021-06-28,86981.12701872803,70449.2139867944,5
2021-06-29,87102.36583245549,73536.17578757349,4
2021-06-30,87102.36583245549,73536.17578757349,4
2021-07-01,87102.36583245549,73536.17578757349,4
2021-07-02,87102.36583245549,73536.17578757349,4
2021-07-06,87102.36583245549,73536.17578757349,4
2021-07-07,87102.36583245549,73536.17578757349,4
2021-07-08,87102.36583245549,73536.17578757349,4
2021-07-09,87102.36583245549,73536.17578757349,4
2021-07-12,87102.36583245549,73536.17578757349,4
2021-07-13,87102.36583245549,73536.17578757349,4
2021-07-14,87102.36583245549,73536.17578757349,4
2021-07-15,87102.36583245549,73536.17578757349,4
2021-07-16,87102.36583245549,73536.17578757349,4
2021-07-19,87102.36583245549,73536.17578757349,4
2021-07-20,87102.36583245549,73536.17578757349,4
2021-07-21,87102.36583245549,73536.17578757349,4
2021-07-22,87102.36583245549,73536.17578757349,4
2021-07-23,87102.36583245549,73536.17578757349,4
2021-07-26,87102.36583245549,73536.17578757349,4
2021-07-27,87102.36583245549,73536.17578757349,4
2021-07-28,87102.36583245549,73536.17578757349,4
2021-07-29,87102.36583245549,73536.17578757349,4
2021-07-30,87102.36583245549,73536.17578757349,4
2021-08-02,87102.36583245549,73536.17578757349,4
2021-08-03,87102.36583245549,73536.17578757349,4
2021-08-04,87102.36583245549,69859.36699819482,5
2021-08-05,87102.36583245549,69859.36699819482,5
2021-08-06,87102.36583245549,69859.36699819482,5
2021-08-09,87102.36583245549,69859.36699819482,5
2021-08-10,87102.36583245549,69859.36699819482,5
2021-08-11,87102.36583245549,69859.36699819482,5
2021-08-12,87102.36583245549,69859.36699819482,5
2021-08-13,87102.36583245549,69859.36699819482,5
2021-08-16,87102.36583245549,69859.36699819482,5
2021-08-17,87102.36583245549,69859.36699819482,5
2021-08-18,87102.36583245549,69859.36699819482,5
2021-08-19,87102.36583245549,69859.36699819482,5
2021-08-20,87102.36583245549,69859.36699819482,5
2021-08-23,87102.36583245549,69859.36699819482,5
2021-08-24,87102.36583245549,69859.36699819482,5
2021-08-25,87102.36583245549,69859.36699819482,5
2021-08-26,87102.36583245549,69859.36699819482,5
2021-08-27,87102.36583245549,69859.36699819482,5
2021-08-30,87102.36583245549,69859.36699819482,5
2021-08-31,87102.36583245549,69859.36699819482,5
2021-09-01,87102.36583245549,69859.36699819482,5
2021-09-02,87102.36583245549,69859.36699819482,5
2021-09-03,87102.36583245549,69859.36699819482,5
2021-09-07,87102.36583245549,69859.36699819482,5
2021-09-08,87102.36583245549,69859.36699819482,5
2021-09-09,87102.36583245549,69859.36699819482,5
2021-09-10,87102.36583245549,69859.36699819482,5
2021-09-13,87102.36583245549,69859.36699819482,5
2021-09-14,87102.36583245549,69859.36699819482,5
2021-09-15,87102.36583245549,69859.36699819482,5
2021-09-16,87102.36583245549,69859.36699819482,5
2021-09-17,87102.36583245549,69859.36699819482,5
2021-09-20,87102.36583245549,69859.36699819482,5
2021-09-21,87102.36583245549,69859.36699819482,5
2021-09-22,87102.36583245549,69859.36699819482,5
2021-09-23,87102.36583245549,69859.36699819482,5
2021-09-24,87102.36583245549,69859.36699819482,5
2021-09-27,87102.36583245549,69859.36699819482,5
2021-09-28,87102.36583245549,69859.36699819482,5
2021-09-29,87102.36583245549,69859.36699819482,5
2021-09-30,87102.36583245549,69859.36699819482,5
2021-10-01,87102.36583245549,69859.36699819482,5
2021-10-04,87102.36583245549,69859.36699819482,5
2021-10-05,87102.36583245549,69859.36699819482,5
2021-10-06,87102.36583245549,69859.36699819482,5
2021-10-07,87102.36583245549,69859.36699819482,5
2021-10-08,87102.36583245549,69859.36699819482,5
2021-10-11,87102.36583245549,69859.36699819482,5
2021-10-12,87102.36583245549,69859.36699819482,5
2021-10-13,87102.36583245549,69859.36699819482,5
2021-10-14,87102.36583245549,69859.36699819482,5
2021-10-15,87102.36583245549,69859.36699819482,5
2021-10-18,87102.36583245549,69859.36699819482,5
2021-10-19,87102.36583245549,69859.36699819482,5
2021-10-20,87102.36583245549,69859.36699819482,5
2021-10-21,87102.36583245549,69859.36699819482,5
2021-10-22,87102.36583245549,69859.36699819482,5
2021-10-25,87102.36583245549,69859.36699819482,5
2021-10-26,87102.36583245549,69859.36699819482,5
2021-10-27,87102.36583245549,69859.36699819482,5
2021-10-28,87102.36583245549,66366.39864828507,6
2021-10-29,87102.36583245549,66366.39864828507,6
2021-11-01,87102.36583245549,66366.39864828507,6
2021-11-02,87102.36583245549,66366.39864828507,6
2021-11-03,87102.36583245549,66366.39864828507,6
2021-11-04,87102.36583245549,66366.39864828507,6
2021-11-05,87102.36583245549,66366.39864828507,6
2021-11-08,86074.5586352892,68831.55980102853,5
2021-11-09,86074.5586352892,68831.55980102853,5
2021-11-10,86074.5586352892,68831.55980102853,5
2021-11-11,86074.5586352892,68831.55980102853,5
2021-11-12,86074.5586352892,68831.55980102853,5
2021-11-15,86074.5586352892,68831.55980102853,5
2021-11-16,86074.5586352892,68831.55980102853,5
2021-11-17,86074.5586352892,68831.55980102853,5
2021-11-18,86074.5586352892,68831.55980102853,5
2021-11-19,86074.5586352892,68831.55980102853,5
2021-11-22,86074.5586352892,68831.55980102853,5
2021-11-23,86074.5586352892,68831.55980102853,5
2021-11-24,86074.5586352892,68831.55980102853,5
2021-11-26,86074.5586352892,68831.55980102853,5
2021-11-29,86074.5586352892,65389.98181097711,6
2021-11-30,86074.5586352892,65389.98181097711,6
2021-12-01,86074.5586352892,65389.98181097711,6
2021-12-02,86074.5586352892,65389.98181097711,6
2021-12-03,86074.5586352892,65389.98181097711,6
2021-12-06,86074.5586352892,65389.98181097711,6
2021-12-07,86074.5586352892,65389.98181097711,6
2021-12-08,86074.5586352892,65389.98181097711,6
2021-12-09,87233.41889975283,69990.42006549216,5
2021-12-10,87233.41889975283,69990.42006549216,5
2021-12-13,87233.41889975283,69990.42006549216,5
2021-12-14,87233.41889975283,69990.42006549216,5
2021-12-15,87233.41889975283,69990.42006549216,5
2021-12-16,87233.41889975283,69990.42006549216,5
2021-12-17,87233.41889975283,69990.42006549216,5
2021-12-20,87233.41889975283,69990.42006549216,5
2021-12-21,87233.41889975283,69990.42006549216,5
2021-12-22,87233.41889975283,69990.42006549216,5
2021-12-23,87233.41889975283,69990.42006549216,5
2021-12-27,87233.41889975283,69990.42006549216,5
2021-12-28,87233.41889975283,69990.42006549216,5
2021-12-29,87233.41889975283,69990.42006549216,5
2021-12-30,87233.41889975283,69990.42006549216,5
2021-12-31,87233.41889975283,69990.42006549216,5
2022-01-03,87233.41889975283,69990.42006549216,5
2022-01-04,87233.41889975283,69990.42006549216,5
2022-01-05,87233.41889975283,69990.42006549216,5
2022-01-06,87233.41889975283,69990.42006549216,5
2022-01-07,87233.41889975283,69990.42006549216,5
2022-01-10,87233.41889975283,69990.42006549216,5
2022-01-11,87233.41889975283,69990.42006549216,5
2022-01-12,87233.41889975283,69990.42006549216,5
2022-01-13,87233.41889975283,69990.42006549216,5
2022-01-14,87233.41889975283,69990.42006549216,5
2022-01-18,87233.41889975283,69990.42006549216,5
2022-01-19,87233.41889975283,69990.42006549216,5
2022-01-20,87233.41889975283,69990.42006549216,5
2022-02-25,87233.41889975283,69990.42006549216,5
2022-02-28,87233.41889975283,69990.42006549216,5
2022-03-01,87233.41889975283,69990.42006549216,5
2022-03-02,87233.41889975283,69990.42006549216,5
2022-03-03,87233.41889975283,69990.42006549216,5
2022-03-04,87233.41889975283,69990.42006549216,5
2022-03-07,87233.41889975283,69990.42006549216,5
2022-03-08,87233.41889975283,69990.42006549216,5
2022-03-09,87233.41889975283,69990.42006549216,5
2023-06-14,87233.41889975283,69990.42006549216,5
2023-06-15,87233.41889975283,69990.42006549216,5
2023-06-16,87233.41889975283,69990.42006549216,5
2023-06-20,87233.41889975283,69990.42006549216,5
2023-07-17,87233.41889975283,69990.42006549216,5
2023-07-18,87233.41889975283,69990.42006549216,5
2023-07-19,87233.41889975283,69990.42006549216,5
2023-07-20,87233.41889975283,69990.42006549216,5
2023-07-25,87233.41889975283,69990.42006549216,5
2023-07-26,87233.41889975283,69990.42006549216,5
2023-07-27,87233.41889975283,69990.42006549216,5
2023-07-28,87233.41889975283,69990.42006549216,5
2023-07-31,87233.41889975283,69990.42006549216,5
2023-08-01,87233.41889975283,69990.42006549216,5
2023-08-02,87233.41889975283,69990.42006549216,5
2023-08-03,87233.41889975283,69990.42006549216,5
2023-08-04,87233.41889975283,69990.42006549216,5
2023-08-30,87233.41889975283,69990.42006549216,5
2023-09-05,87233.41889975283,69990.42006549216,5
2023-09-06,87233.41889975283,69990.42006549216,5
2023-09-07,87233.41889975283,69990.42006549216,5
2023-09-08,87233.41889975283,69990.42006549216,5
2023-09-11,87233.41889975283,69990.42006549216,5
2023-09-12,87233.41889975283,69990.42006549216,5
2023-09-14,87233.41889975283,69990.42006549216,5
2023-09-15,87233.41889975283,69990.42006549216,5
2023-09-28,87233.41889975283,69990.42006549216,5
2023-09-29,87233.41889975283,69990.42006549216,5
2023-10-09,87233.41889975283,69990.42006549216,5
2023-10-10,87233.41889975283,69990.42006549216,5
2023-10-11,87233.41889975283,69990.42006549216,5
2023-10-12,87233.41889975283,69990.42006549216,5
2023-10-13,87233.41889975283,69990.42006549216,5
2023-10-16,87233.41889975283,69990.42006549216,5
2023-10-17,87233.41889975283,69990.42006549216,5
2023-10-18,87233.41889975283,69990.42006549216,5
2023-10-19,87233.41889975283,69990.42006549216,5
2023-10-20,87233.41889975283,69990.42006549216,5
2023-10-23,87233.41889975283,69990.42006549216,5
2023-10-24,87233.41889975283,69990.42006549216,5
2023-10-25,87233.41889975283,69990.42006549216,5
2023-11-02,87233.41889975283,69990.42006549216,5
2023-11-03,87233.41889975283,69990.42006549216,5
2023-11-06,87233.41889975283,69990.42006549216,5
2023-11-07,87233.41889975283,69990.42006549216,5
2023-11-08,87233.41889975283,69990.42006549216,5
2023-11-09,87233.41889975283,69990.42006549216,5
2023-11-10,87233.41889975283,69990.42006549216,5
2023-11-13,87233.41889975283,69990.42006549216,5
2023-11-14,87233.41889975283,69990.42006549216,5
2023-11-15,87233.41889975283,69990.42006549216,5
2023-11-16,87233.41889975283,69990.42006549216,5
2023-11-17,87233.41889975283,69990.42006549216,5
2023-11-20,87233.41889975283,69990.42006549216,5
2023-11-21,87233.41889975283,69990.42006549216,5
2023-11-22,87233.41889975283,69990.42006549216,5
2023-11-24,87233.41889975283,69990.42006549216,5
2023-11-27,87233.41889975283,69990.42006549216,5
2023-11-28,87233.41889975283,69990.42006549216,5
2023-11-29,87233.41889975283,66490.89906221755,6
2023-11-30,87233.41889975283,66490.89906221755,6
2023-12-01,87233.41889975283,66490.89906221755,6
2023-12-04,87233.41889975283,63166.35410910667,7
2023-12-05,87233.41889975283,63166.35410910667,7
2023-12-06,87233.41889975283,63166.35410910667,7
2023-12-07,87233.41889975283,60008.03640365134,8
2023-12-08,90070.91653873413,66553.38741035867,7
2023-12-11,90070.91653873413,66553.38741035867,7
2023-12-12,90070.91653873413,66553.38741035867,7
2023-12-13,90070.91653873413,66553.38741035867,7
2023-12-14,89195.59966860639,69002.6154933418,6
2023-12-15,89195.59966860639,69002.6154933418,6
2023-12-18,89195.59966860639,69002.6154933418,6
2023-12-19,90252.63693287419,76374.5852429323,4
2023-12-20,90252.63693287419,76374.5852429323,4
2023-12-21,90252.63693287419,76374.5852429323,4
2023-12-22,90252.63693287419,76374.5852429323,4
2023-12-26,90252.63693287419,76374.5852429323,4
2023-12-27,90252.63693287419,76374.5852429323,4
2023-12-28,90252.63693287419,76374.5852429323,4
2023-12-29,90252.63693287417,72555.85598078568,5
2024-01-02,90252.63693287417,72555.85598078568,5
2024-01-03,90252.63693287417,72555.85598078568,5
2024-01-04,90252.63693287417,72555.85598078568,5
2024-01-05,90252.63693287417,72555.85598078568,5
2024-01-08,90252.63693287419,68928.0631817464,6
2024-01-09,90252.63693287419,68928.0631817464,6
2024-01-10,90252.63693287419,68928.0631817464,6
2024-01-11,90252.63693287419,68928.0631817464,6
2024-01-12,91557.70612031006,74252.84738196818,5
2024-01-16,91557.70612031006,74252.84738196818,5
2024-01-17,91557.70612031006,74252.84738196818,5
2024-01-18,91557.70612031006,74252.84738196818,5
2024-01-19,91557.70612031006,74252.84738196818,5
2024-01-22,91557.70612031006,74252.84738196818,5
2024-01-23,91557.70612031006,74252.84738196818,5
2024-01-24,92712.19550456664,79226.06602837138,4
2024-01-25,92712.19550456664,79226.06602837138,4
2024-01-26,92712.19550456664,79226.06602837138,4
2024-01-29,92712.19550456664,79226.06602837138,4
2024-01-30,92712.19550456664,79226.06602837138,4
2024-01-31,92712.19550456664,79226.06602837138,4
2024-02-01,92712.19550456664,79226.06602837138,4
2024-02-02,92712.19550456664,79226.06602837138,4
2024-02-05,92712.19550456664,79226.06602837138,4
2024-02-06,92712.19550456664,79226.06602837138,4
2024-02-07,92712.19550456664,79226.06602837138,4
2024-02-08,92712.19550456664,79226.06602837138,4
2024-02-09,92712.19550456664,79226.06602837138,4
2024-02-12,92712.19550456664,71501.52459060517,6
2024-02-13,92712.19550456664,71501.52459060517,6
2024-02-14,92712.19550456664,71501.52459060517,6
2024-02-15,92712.19550456664,71501.52459060517,6
2024-02-16,92712.19550456664,71501.52459060517,6
2024-02-20,92712.19550456664,71501.52459060517,6
2024-02-21,92712.19550456664,71501.52459060517,6
2024-02-22,92712.19550456664,71501.52459060517,6
2024-02-23,91762.53576527504,74315.10298766122,5
2024-02-26,91762.53576527504,70599.34783827816,6
2024-02-27,91762.53576527504,70599.34783827816,6
2024-02-28,91762.53576527504,70599.34783827816,6
2024-02-29,91762.53576527504,70599.34783827816,6
2024-03-01,91762.53576527504,70599.34783827816,6
2024-03-04,91762.53576527504,70599.34783827816,6
2024-03-05,91762.53576527504,70599.34783827816,6
2024-03-06,91762.53576527504,70599.34783827816,6
2024-03-07,90829.86106598699,73382.42828837316,5
2024-03-08,90829.86106598699,73382.42828837316,5
2024-03-11,90829.86106598699,73382.42828837316,5
2024-03-12,90829.86106598699,73382.42828837316,5
2024-03-13,90829.861065987,69713.30687395451,6
2024-03-14,90829.861065987,69713.30687395451,6
2024-03-15,90829.861065987,69713.30687395451,6
2024-03-18,90829.861065987,69713.30687395451,6
2024-03-19,90829.861065987,69713.30687395451,6
2024-03-20,90829.861065987,69713.30687395451,6
2024-03-21,90829.861065987,69713.30687395451,6
2024-03-22,90829.861065987,69713.30687395451,6
2024-03-25,90829.861065987,69713.30687395451,6
2024-03-26,90829.861065987,69713.30687395451,6
2024-03-27,90829.861065987,66227.64153025679,7
2024-03-28,90829.861065987,66227.64153025679,7
2024-04-01,90829.861065987,66227.64153025679,7
2024-04-02,90829.861065987,66227.64153025679,7
2024-04-03,90829.861065987,66227.64153025679,7
2024-04-04,90829.861065987,66227.64153025679,7
2024-04-05,90829.861065987,66227.64153025679,7
2024-04-08,90829.861065987,66227.64153025679,7
2024-04-09,90829.861065987,66227.64153025679,7
2024-04-10,90829.861065987,66227.64153025679,7
2024-04-11,90829.861065987,66227.64153025679,7
2024-04-12,90829.861065987,66227.64153025679,7
2024-04-15,91972.4478213232,70998.02108463229,6
2024-04-16,91972.4478213232,70998.02108463229,6
2024-04-17,91972.4478213232,70998.02108463229,6
2024-04-18,91972.4478213232,70998.02108463229,6
2024-04-19,91972.4478213232,70998.02108463229,6
2024-04-22,91972.4478213232,70998.02108463229,6
2024-04-23,91972.4478213232,70998.02108463229,6
2024-04-24,91972.4478213232,70998.02108463229,6
2024-04-25,91972.4478213232,70998.02108463229,6
2024-04-26,91972.4478213232,70998.02108463229,6
2024-04-29,91972.4478213232,70998.02108463229,6
2024-04-30,91972.4478213232,70998.02108463229,6
2024-05-01,91972.4478213232,70998.02108463229,6
2024-05-02,90276.27923192723,69322.42521417221,6
2024-05-03,90276.27923192723,69322.42521417221,6
2024-05-06,90276.27923192724,65856.3039534636,7
2024-05-07,90276.27923192724,65856.3039534636,7
2024-05-08,90276.27923192724,65856.3039534636,7
2024-05-09,90276.27923192724,65856.3039534636,7
2024-05-10,90276.27923192724,65856.3039534636,7
2024-05-13,90276.27923192724,65856.3039534636,7
2024-05-14,90276.27923192724,65856.3039534636,7
2024-05-15,90276.27923192724,65856.3039534636,7
2024-05-16,90276.27923192724,65856.3039534636,7
2024-05-17,90276.27923192724,65856.3039534636,7
2024-05-20,90276.27923192724,65856.3039534636,7
2024-05-21,90276.27923192724,65856.3039534636,7
2024-05-22,90276.27923192724,65856.3039534636,7
2024-05-23,90276.27923192724,65856.3039534636,7
2024-05-24,90276.27923192724,65856.3039534636,7
2024-05-28,90276.27923192724,65856.3039534636,7
2024-05-29,90276.27923192724,65856.3039534636,7
2024-05-30,90276.27923192724,65856.3039534636,7
2024-05-31,90276.27923192724,65856.3039534636,7
2024-06-03,90276.27923192724,65856.3039534636,7
2024-06-04,90276.27923192724,65856.3039534636,7
2024-06-05,90276.27923192724,65856.3039534636,7
2024-06-06,90276.27923192724,65856.3039534636,7
2024-06-07,90276.27923192724,65856.3039534636,7
2024-06-10,90276.27923192724,65856.3039534636,7
2024-06-11,90276.27923192724,65856.3039534636,7
2024-06-12,90276.27923192724,65856.3039534636,7
2024-06-13,90276.27923192724,65856.3039534636,7
2024-06-14,90276.27923192724,65856.3039534636,7
2024-06-17,90276.27923192724,65856.3039534636,7
2024-06-18,90276.27923192724,65856.3039534636,7
2024-06-20,90276.27923192724,65856.3039534636,7
2024-06-21,90276.27923192724,65856.3039534636,7
2024-06-24,90276.27923192724,65856.3039534636,7
2024-06-25,90276.27923192724,65856.3039534636,7
2024-06-26,90276.27923192724,65856.3039534636,7
2024-06-27,90276.27923192724,65856.3039534636,7
2024-06-28,90276.27923192724,65856.3039534636,7
2024-07-01,90276.27923192724,65856.3039534636,7
2024-07-02,90276.27923192724,65856.3039534636,7
2024-07-03,90276.27923192724,65856.3039534636,7
2024-07-05,90276.27923192724,65856.3039534636,7
2024-07-08,90276.27923192724,65856.3039534636,7
2024-07-09,90276.27923192724,65856.3039534636,7
2024-07-10,90276.27923192724,65856.3039534636,7
2024-07-11,90276.27923192724,65856.3039534636,7
2024-07-12,90276.27923192724,65856.3039534636,7
2024-07-15,90276.27923192724,65856.3039534636,7
2024-07-16,90276.27923192724,65856.3039534636,7
2024-07-17,90276.27923192724,65856.3039534636,7
2024-07-18,90276.27923192724,65856.3039534636,7
2024-07-19,90276.27923192724,65856.3039534636,7
2024-07-22,90276.27923192724,65856.3039534636,7
2024-07-23,90276.27923192724,65856.3039534636,7
2024-07-24,90276.27923192724,65856.3039534636,7
2024-07-25,90276.27923192724,65856.3039534636,7
2024-07-26,90276.27923192724,65856.3039534636,7
2024-07-29,90276.27923192724,65856.3039534636,7
2024-07-30,90276.27923192724,65856.3039534636,7
2024-07-31,90715.41617106542,69781.10623629951,6
2024-08-01,89775.24924036436,72489.4880010812,5
2024-08-02,89775.24924036436,72489.4880010812,5
2024-08-05,89775.24924036436,72489.4880010812,5
2024-08-06,89775.24924036436,68865.01360102714,6
2024-08-07,89775.24924036436,68865.01360102714,6
2024-08-08,89775.24924036436,68865.01360102714,6
2024-08-09,89775.24924036436,68865.01360102714,6
2024-08-12,89775.24924036436,68865.01360102714,6
2024-08-13,89775.24924036436,68865.01360102714,6
2024-08-14,89775.24924036436,68865.01360102714,6
2024-08-15,88799.55094030946,71850.61860239082,5
2024-08-16,88799.55094030946,71850.61860239082,5
2024-08-19,88799.55094030946,71850.61860239082,5
2024-08-20,88799.55094030946,71850.61860239082,5
2024-08-21,88799.55094030946,71850.61860239082,5
2024-08-22,88799.55094030946,71850.61860239082,5
2024-08-23,88799.55094030946,71850.61860239082,5
2024-08-26,88799.55094030946,71850.61860239082,5
2024-08-27,88799.55094030946,71850.61860239082,5
2024-08-28,88799.55094030946,71850.61860239082,5
2024-08-29,88799.55094030946,71850.61860239082,5
2024-08-30,88799.55094030946,71850.61860239082,5
2024-09-03,88799.55094030946,71850.61860239082,5
2024-09-04,88799.55094030946,71850.61860239082,5
2024-09-05,88799.55094030946,71850.61860239082,5
2024-09-06,88799.55094030946,71850.61860239082,5
2024-09-09,88799.55094030946,71850.61860239082,5
2024-09-10,88799.55094030946,71850.61860239082,5
2024-09-11,88799.55094030946,71850.61860239082,5
2024-09-12,88799.55094030946,71850.61860239082,5
2024-09-13,88799.55094030946,71850.61860239082,5
2024-09-16,88799.55094030946,71850.61860239082,5
2024-09-17,88799.55094030946,71850.61860239082,5
2024-09-18,88799.55094030946,71850.61860239082,5
2024-09-19,88799.55094030946,71850.61860239082,5
2024-09-20,87889.19331149959,70836.49860495326,5
2024-09-23,87056.82405578668,73470.25060994895,4
2024-09-24,87056.82405578668,73470.25060994895,4
2024-09-25,87056.82405578668,73470.25060994895,4
2024-09-26,87056.82405578668,73470.25060994895,4
2024-09-27,87056.82405578668,73470.25060994895,4
2024-09-30,87056.82405578668,73470.25060994895,4
2024-10-01,87056.82405578668,73470.25060994895,4
2024-10-02,87056.82405578668,73470.25060994895,4
2024-10-03,87056.82405578668,73470.25060994895,4
2024-10-04,87056.82405578668,73470.25060994895,4
2024-10-07,87056.82405578668,73470.25060994895,4
2024-10-08,87056.82405578668,73470.25060994895,4
2024-10-09,87056.82405578668,73470.25060994895,4
2024-10-10,87056.82405578668,73470.25060994895,4
2024-10-11,87056.82405578668,73470.25060994895,4
2024-10-14,87056.82405578668,73470.25060994895,4
2024-10-15,87056.82405578668,73470.25060994895,4
2024-10-16,87056.82405578668,73470.25060994895,4
2024-10-17,87056.82405578668,73470.25060994895,4
2024-10-18,87056.82405578668,73470.25060994895,4
2024-10-21,87056.82405578668,69796.7380794515,5
2024-10-22,87056.82405578668,69796.7380794515,5
2024-10-23,87056.82405578668,69796.7380794515,5
2024-10-24,87056.82405578668,69796.7380794515,5
2024-10-25,87056.82405578668,69796.7380794515,5
2024-10-28,87056.82405578668,69796.7380794515,5
2024-10-29,87056.82405578667,66306.90117547892,6
2024-10-30,87056.82405578667,66306.90117547892,6
2024-10-31,85481.46465656528,65036.78961769232,6
2024-11-01,85481.46465656528,65036.78961769232,6
2024-11-04,85481.46465656528,65036.78961769232,6
2024-11-05,85481.46465656528,65036.78961769232,6
2024-11-06,85481.46465656528,65036.78961769232,6
2024-11-07,85481.46465656528,65036.78961769232,6
2024-11-08,85481.46465656528,58695.702629967316,8
2024-11-11,85846.30050971739,65522.961634548315,6
2024-11-12,85846.30050971739,65522.961634548315,6
2024-11-13,85846.30050971739,65522.961634548315,6
2024-11-14,85846.30050971739,65522.961634548315,6
2024-11-15,85846.30050971739,65522.961634548315,6
2024-11-18,84752.55527822646,68102.72893355483,5
2024-11-19,84752.55527822646,68102.72893355483,5
2024-11-20,84752.55527822646,64697.59248687708,6
2024-11-21,84752.55527822646,64697.59248687708,6
2024-11-22,84752.55527822646,64697.59248687708,6
2024-11-25,84752.55527822646,64697.59248687708,6
2024-11-26,84752.55527822646,64697.59248687708,6
2024-11-27,84752.55527822646,64697.59248687708,6
2024-11-29,84752.55527822646,64697.59248687708,6
2024-12-02,84752.55527822646,64697.59248687708,6
2024-12-03,84752.55527822646,64697.59248687708,6
2024-12-04,84752.55527822646,64697.59248687708,6
2024-12-05,84752.55527822646,64697.59248687708,6
2024-12-06,83802.8723890367,66837.15710452771,5
2024-12-09,83802.8723890367,63495.29924930132,6
2024-12-10,83802.8723890367,63495.29924930132,6
2024-12-11,83802.8723890367,63495.29924930132,6
2024-12-12,83802.8723890367,63495.29924930132,6
2024-12-13,83802.8723890367,63495.29924930132,6
2024-12-16,83802.8723890367,63495.29924930132,6
2024-12-17,83802.8723890367,63495.29924930132,6
2024-12-18,83802.8723890367,63495.29924930132,6
2024-12-19,83802.8723890367,63495.29924930132,6
2024-12-20,83802.8723890367,63495.29924930132,6
2024-12-23,83802.8723890367,63495.29924930132,6
2024-12-24,83802.8723890367,63495.29924930132,6
2024-12-26,83802.8723890367,63495.29924930132,6
2024-12-27,83802.8723890367,63495.29924930132,6
2024-12-30,83802.8723890367,63495.29924930132,6
2024-12-31,83802.8723890367,63495.29924930132,6
2025-01-02,83802.8723890367,63495.29924930132,6
2025-01-03,83802.8723890367,63495.29924930132,6
2025-01-06,83802.8723890367,63495.29924930132,6
2025-01-07,83802.8723890367,63495.29924930132,6
2025-01-08,83802.8723890367,63495.29924930132,6
2025-01-10,83802.8723890367,63495.29924930132,6
2025-01-13,83802.8723890367,63495.29924930132,6
2025-01-14,83802.8723890367,63495.29924930132,6
2025-01-15,82908.17476382834,62705.45116723218,6
2025-01-16,82908.17476382834,62705.45116723218,6
2025-01-17,82908.17476382834,62705.45116723218,6
2025-01-21,82908.17476382834,62705.45116723218,6
2025-01-22,82908.17476382834,62705.45116723218,6
2025-01-23,82908.17476382834,62705.45116723218,6
2025-01-24,82908.17476382834,62705.45116723218,6
2025-01-27,84866.41484951174,67792.72940813274,5
2025-01-28,84866.41484951174,67792.72940813274,5
2025-01-29,84866.41484951174,67792.72940813274,5
2025-01-30,84866.41484951174,67792.72940813274,5
2025-01-31,84866.41484951174,67792.72940813274,5
2025-02-03,84866.41484951174,67792.72940813274,5
2025-02-04,83419.62915503603,66203.41149043925,5
2025-02-05,83419.62915503603,66203.41149043925,5
2025-02-06,83419.62915503603,66203.41149043925,5
2025-02-07,83419.62915503603,66203.41149043925,5
2025-02-10,83419.62915503603,66203.41149043925,5
2025-02-11,83419.62915503603,66203.41149043925,5
2025-02-12,83419.62915503603,66203.41149043925,5
2025-02-13,82098.35557610985,68182.4248150516,4
2025-02-14,82098.35557610984,64773.303574299025,5
2025-02-18,82098.35557610984,64773.303574299025,5
2025-02-19,82098.35557610984,64773.303574299025,5
2025-02-20,82098.35557610984,64773.303574299025,5
2025-02-21,82098.35557610984,64773.303574299025,5
2025-02-24,82098.35557610984,64773.303574299025,5
2025-02-25,82098.35557610984,64773.303574299025,5
2025-02-26,82098.35557610984,64773.303574299025,5
2025-02-27,82098.35557610984,64773.303574299025,5
2025-02-28,82098.35557610984,64773.303574299025,5
2025-03-03,82098.35557610984,64773.303574299025,5
2025-03-04,82098.35557610984,64773.303574299025,5
2025-03-05,82098.35557610984,64773.303574299025,5
2025-03-06,85027.1447335629,77786.04238063624,2
2025-03-07,85027.1447335629,77786.04238063624,2
2025-03-10,85027.1447335629,77786.04238063624,2
2025-03-11,85027.1447335629,77786.04238063624,2
2025-03-12,85027.1447335629,77786.04238063624,2
2025-03-13,85027.1447335629,77786.04238063624,2
2025-03-14,85027.1447335629,77786.04238063624,2
2025-03-17,85027.1447335629,77786.04238063624,2
2025-03-18,85027.1447335629,77786.04238063624,2
2025-03-19,85027.1447335629,77786.04238063624,2
2025-03-20,85027.1447335629,77786.04238063624,2
2025-03-21,85027.1447335629,77786.04238063624,2
2025-03-24,85027.1447335629,77786.04238063624,2
2025-03-25,85027.1447335629,77786.04238063624,2
2025-03-26,85027.1447335629,77786.04238063624,2
2025-03-27,85027.1447335629,77786.04238063624,2
2025-03-28,85027.1447335629,77786.04238063624,2
2025-03-31,85027.1447335629,77786.04238063624,2
2025-04-01,85027.1447335629,77786.04238063624,2
2025-04-02,85027.1447335629,77786.04238063624,2
2025-04-03,85027.1447335629,77786.04238063624,2
2025-04-04,85027.1447335629,77786.04238063624,2
2025-04-07,85027.1447335629,77786.04238063624,2
2025-04-08,85027.1447335629,77786.04238063624,2
2025-04-09,85027.1447335629,77786.04238063624,2
2025-04-10,85027.1447335629,77786.04238063624,2
2025-04-11,85027.1447335629,77786.04238063624,2
2025-04-14,85027.1447335629,77786.04238063624,2
2025-04-15,85027.1447335629,77786.04238063624,2
2025-04-16,85027.1447335629,77786.04238063624,2
2025-04-17,85027.1447335629,77786.04238063624,2
2025-04-21,85027.1447335629,77786.04238063624,2
2025-04-22,85027.1447335629,77786.04238063624,2
2025-04-23,85027.1447335629,77786.04238063624,2
2025-04-24,85027.1447335629,77786.04238063624,2
2025-04-25,85027.1447335629,73896.74026160443,3
2025-04-28,85027.1447335629,73896.74026160443,3
2025-04-29,85027.1447335629,73896.74026160443,3
2025-04-30,85027.1447335629,73896.74026160443,3
2025-05-01,85027.1447335629,73896.74026160443,3
2025-05-02,85027.1447335629,73896.74026160443,3
2025-05-05,85027.1447335629,73896.74026160443,3
2025-05-06,85027.1447335629,73896.74026160443,3
2025-05-07,85027.1447335629,73896.74026160443,3
2025-05-08,85027.1447335629,70201.9032485242,4
2025-05-09,85027.1447335629,70201.9032485242,4
2025-05-12,85027.1447335629,70201.9032485242,4
2025-05-13,85027.1447335629,70201.9032485242,4
2025-05-14,83021.59569222832,71791.54408443233,3
2025-05-15,83021.59569222832,71791.54408443233,3
2025-05-16,83021.59569222832,71791.54408443233,3
2025-05-19,83021.59569222832,71791.54408443233,3
2025-05-20,83021.59569222832,71791.54408443233,3
2025-05-21,83021.59569222832,71791.54408443233,3
2025-05-22,83021.59569222832,71791.54408443233,3
2025-05-23,83021.59569222832,71791.54408443233,3
2025-05-27,83021.59569222832,71791.54408443233,3
2025-05-28,83021.59569222832,71791.54408443233,3
2025-05-29,83021.59569222832,71791.54408443233,3
2025-05-30,83021.59569222832,68201.96688021072,4
2025-06-02,82071.06496034519,70946.2731614078,3
2025-06-03,82071.06496034519,70946.2731614078,3
2025-06-04,82071.06496034519,70946.2731614078,3
2025-06-05,82071.06496034519,70946.2731614078,3
2025-06-06,82071.06496034519,70946.2731614078,3
2025-06-09,82071.06496034519,67398.9595033374,4
2025-06-10,82071.06496034519,67398.9595033374,4
2025-06-11,82071.06496034519,67398.9595033374,4
2025-06-12,82071.06496034519,67398.9595033374,4
2025-06-13,82071.06496034519,67398.9595033374,4
2025-06-16,82071.06496034519,67398.9595033374,4
2025-06-17,82071.06496034519,67398.9595033374,4
2025-06-18,82071.06496034519,67398.9595033374,4
2025-06-20,82071.06496034519,67398.9595033374,4
2025-06-23,82071.06496034519,67398.9595033374,4
2025-06-24,82071.06496034519,67398.9595033374,4
2025-06-25,82071.06496034519,67398.9595033374,4
2025-06-26,82071.06496034519,67398.9595033374,4
2025-06-27,82071.06496034519,67398.9595033374,4
2025-06-30,81093.3791476044,69968.587348667,3
2025-07-01,81093.3791476044,69968.587348667,3
2025-07-02,81093.3791476044,66470.15798123366,4
2025-07-03,81093.3791476044,66470.15798123366,4
2025-07-07,81093.3791476044,66470.15798123366,4
2025-07-08,81093.3791476044,63146.650082171975,5
2025-07-09,81093.3791476044,59989.317578063376,6
2025-07-10,81093.3791476044,59989.317578063376,6
2025-07-11,81093.3791476044,59989.317578063376,6
2025-07-14,81093.3791476044,59989.317578063376,6
2025-07-15,81093.3791476044,59989.317578063376,6
2025-07-16,81093.3791476044,59989.317578063376,6
2025-07-17,81093.3791476044,59989.317578063376,6
2025-07-18,81093.3791476044,59989.317578063376,6
2025-07-21,81093.3791476044,59989.317578063376,6
2025-07-22,81093.3791476044,59989.317578063376,6
2025-07-23,81093.3791476044,59989.317578063376,6
2025-07-24,81093.3791476044,59989.317578063376,6
2025-07-25,81093.3791476044,59989.317578063376,6
2025-07-28,81093.3791476044,59989.317578063376,6
2025-07-29,81093.3791476044,59989.317578063376,6
2025-07-30,81093.3791476044,59989.317578063376,6
2025-07-31,81093.3791476044,59989.317578063376,6
2025-08-01,81093.3791476044,59989.317578063376,6
2025-08-04,81093.3791476044,59989.317578063376,6
2025-08-05,79842.6822820543,59391.26688110924,6
2025-08-06,79842.6822820543,59391.26688110924,6
2025-08-07,79842.68228205432,56421.70353705378,7
2025-08-08,79842.68228205432,56421.70353705378,7
2025-08-11,79842.68228205432,56421.70353705378,7
2025-08-12,79842.68228205432,56421.70353705378,7
2025-08-13,79842.68228205432,56421.70353705378,7
2025-08-14,79842.68228205432,56421.70353705378,7
2025-08-15,79842.68228205432,56421.70353705378,7
2025-08-18,79842.68228205432,56421.70353705378,7
2025-08-19,79842.68228205432,56421.70353705378,7
2025-08-20,79842.68228205432,56421.70353705378,7
2025-08-21,79842.68228205432,56421.70353705378,7
2025-08-22,78998.0615607714,58900.59071483255,6
2025-08-25,78998.0615607714,55955.561179090924,7
2025-08-26,78998.0615607714,55955.561179090924,7
2025-08-27,78998.0615607714,55955.561179090924,7
2025-08-28,78998.0615607714,55955.561179090924,7
2025-08-29,78998.0615607714,55955.561179090924,7
2025-09-02,78998.0615607714,55955.561179090924,7
2025-09-03,78998.0615607714,55955.561179090924,7
2025-09-04,78998.0615607714,55955.561179090924,7
2025-09-05,78998.0615607714,55955.561179090924,7
2025-09-08,78998.0615607714,55955.561179090924,7
2025-09-09,78197.87451639627,55397.071306883176,7
2025-09-10,78197.87451639627,55397.071306883176,7
2025-09-11,78197.87451639627,55397.071306883176,7
2025-09-12,78197.87451639627,55397.071306883176,7
2025-09-15,78197.87451639627,55397.071306883176,7
2025-09-16,78197.87451639627,55397.071306883176,7
2025-09-17,78197.87451639627,55397.071306883176,7
2025-09-18,78197.87451639627,55397.071306883176,7
2025-09-19,78197.87451639627,55397.071306883176,7
2025-09-22,78197.87451639627,55397.071306883176,7
2025-09-23,78197.87451639627,55397.071306883176,7
2025-09-24,78197.87451639627,55397.071306883176,7
2025-09-25,78197.87451639627,55397.071306883176,7
2025-09-26,78197.87451639627,55397.071306883176,7
2025-09-29,78197.87451639627,55397.071306883176,7
2025-09-30,78197.87451639627,55397.071306883176,7
2025-10-01,78197.87451639627,55397.071306883176,7
2025-10-02,78197.87451639627,55397.071306883176,7
2025-10-03,76922.7592914454,60627.168618095144,5
2025-10-06,76922.7592914454,60627.168618095144,5
2025-10-07,76922.7592914454,60627.168618095144,5
2025-10-08,76922.7592914454,60627.168618095144,5
2025-10-09,76922.7592914454,57595.810187190385,6
2025-10-10,76922.7592914454,57595.810187190385,6
2025-10-13,76922.7592914454,57595.810187190385,6
2025-10-14,76922.7592914454,57595.810187190385,6
2025-10-15,76922.7592914454,57595.810187190385,6
2025-10-16,76922.7592914454,57595.810187190385,6
2025-10-17,76922.7592914454,57595.810187190385,6
2025-10-20,76922.7592914454,57595.810187190385,6
2025-10-21,76922.7592914454,57595.810187190385,6
2025-10-22,76922.7592914454,57595.810187190385,6
2025-10-23,76922.7592914454,57595.810187190385,6
2025-10-24,76922.7592914454,57595.810187190385,6
2025-10-27,76922.7592914454,57595.810187190385,6
2025-10-28,76922.7592914454,57595.810187190385,6
2025-10-29,76922.7592914454,57595.810187190385,6
2025-10-30,76922.7592914454,57595.810187190385,6
2025-10-31,76922.7592914454,57595.810187190385,6
2025-11-03,76922.7592914454,57595.810187190385,6
2025-11-04,76922.7592914454,57595.810187190385,6
2025-11-05,76922.7592914454,57595.810187190385,6
2025-11-06,76922.7592914454,57595.810187190385,6
2025-11-07,76922.7592914454,57595.810187190385,6
2025-11-10,76922.7592914454,57595.810187190385,6
2025-11-11,76922.7592914454,57595.810187190385,6
2025-11-12,76922.7592914454,57595.810187190385,6
2025-11-13,76922.7592914454,57595.810187190385,6
2025-11-14,76922.7592914454,57595.810187190385,6
2025-11-17,76922.7592914454,57595.810187190385,6
2025-11-18,76922.7592914454,57595.810187190385,6
2025-11-19,76922.7592914454,57595.810187190385,6
2025-11-20,77842.34701532566,61546.7563419754,5
2025-11-21,77842.34701532566,61546.7563419754,5
2025-11-24,77842.34701532566,61546.7563419754,5
2025-11-25,77842.34701532566,61546.7563419754,5
2025-11-26,77842.34701532566,61546.7563419754,5
2025-11-28,77842.34701532566,61546.7563419754,5
2025-12-01,77842.34701532566,61546.7563419754,5
2025-12-02,77842.34701532566,61546.7563419754,5
2025-12-03,77842.34701532566,61546.7563419754,5
2025-12-04,77842.34701532566,61546.7563419754,5
2025-12-05,77842.34701532566,61546.7563419754,5
2025-12-08,77842.34701532566,61546.7563419754,5
2025-12-09,77687.74112996375,64518.00660825081,4
2025-12-10,77687.74112996375,64518.00660825081,4
2025-12-11,77687.74112996375,64518.00660825081,4
2025-12-12,77687.74112996375,64518.00660825081,4
2025-12-15,77687.74112996375,64518.00660825081,4
2025-12-16,77687.74112996375,64518.00660825081,4
2025-12-17,77687.74112996375,64518.00660825081,4
2025-12-18,77687.74112996375,64518.00660825081,4
2025-12-19,77687.74112996375,64518.00660825081,4
2025-12-22,77687.74112996375,64518.00660825081,4
2025-12-23,77687.74112996375,64518.00660825081,4
2025-12-24,77687.74112996375,64518.00660825081,4
2025-12-26,77687.74112996375,64518.00660825081,4
2025-12-29,77687.74112996375,64518.00660825081,4
2025-12-30,77687.74112996375,64518.00660825081,4
2025-12-31,77687.74112996375,64518.00660825081,4
