ticker,entry_date,exit_date,entry_price,exit_price,entry_momentum,days_held,return_pct,pnl,exit_reason,year
ROKU,2018-11-07,2019-04-02,58.86000061035156,70.63999938964844,2.0768428224015065,146,-20.013589291783248,-950.6454913597044,STOP_LOSS,2018
CVNA,2018-10-02,2019-04-12,54.459999084472656,66.0,2.4798722307947965,192,-21.18986615777885,-1059.4933078889426,STOP_LOSS,2018
ROKU,2019-12-13,2020-10-13,132.49000549316406,238.5749969482422,2.9267930913506888,305,-80.07018420763193,-3923.033118412223,STOP_LOSS,2019
TDOC,2020-08-13,2020-10-13,192.0800018310547,231.8000030517578,2.123252062293572,61,-20.678884236808333,-962.5024731718456,STOP_LOSS,2020
W,2020-10-30,2020-11-06,248.02999877929688,301.1300048828125,2.016295617825524,7,-21.40870312657837,-901.8245614627951,STOP_LOSS,2020
PTON,2020-11-09,2020-12-14,100.01000213623048,121.91000366210938,3.2521258584082364,35,-21.897811276963473,-868.738537568551,STOP_LOSS,2020
DOCU,2020-09-08,2020-12-17,205.6300048828125,247.0,2.5108418295071946,100,-20.118656876346453,-889.6052581800022,STOP_LOSS,2020
TDOC,2020-10-26,2021-01-22,212.1499938964844,263.0,2.04244921387042,88,-23.96889350292753,-1062.8110959913238,STOP_LOSS,2020
PINS,2021-01-28,2021-02-11,68.51000213623047,87.02999877929688,2.0287356142535096,14,-27.032544249874412,-1041.4969031739188,STOP_LOSS,2021
CVNA,2021-01-28,2021-02-19,256.010009765625,308.739990234375,2.13162091456422,22,-20.59684327070799,-835.3108438603048,STOP_LOSS,2021
W,2021-02-22,2021-03-01,266.9599914550781,335.6499938964844,2.331170370454993,7,-25.730448246948214,-970.4635390985937,STOP_LOSS,2021
SNAP,2021-03-08,2021-03-15,52.88999938964844,63.7400016784668,3.0684614915114183,7,-20.514279474432946,-692.1069817384029,STOP_LOSS,2021
PINS,2021-03-29,2021-04-06,69.37999725341797,83.29000091552734,3.6439089158018536,8,-20.049011549109146,-635.998236363552,STOP_LOSS,2021
CVNA,2021-03-29,2021-06-22,248.7100067138672,313.1000061035156,4.07157426734711,85,-25.889589341584895,-864.4990130202491,STOP_LOSS,2021
SNAP,2021-05-07,2021-06-23,54.70000076293945,66.3499984741211,2.013774210060776,47,-21.297984549709163,-668.8456351204915,STOP_LOSS,2021
PINS,2021-05-28,2021-06-28,65.30000305175781,78.80000305175781,2.218334159945041,31,-20.673812203806005,-616.7818166299194,STOP_LOSS,2021
ROKU,2021-02-25,2021-06-30,382.3399963378906,459.25,2.392245581080509,125,-20.115605063232945,-684.7186895777738,STOP_LOSS,2021
LCID,2021-12-09,2022-01-11,365.2000122070313,454.7000122070313,2.681451849213011,33,-24.50711856747217,-776.6400124595827,STOP_LOSS,2021
UPST,2021-12-16,2023-07-17,140.63999938964844,52.90999984741211,3.772310915050366,578,62.37912394977836,1877.977506608287,PROFIT_TARGET,2021
CVNA,2023-11-07,2023-12-13,34.16999816894531,45.06999969482422,2.900684620565006,36,-31.899333069865786,-1028.4680987451775,STOP_LOSS,2023
SNAP,2021-09-20,2023-12-19,71.7300033569336,17.18000030517578,2.011335192104121,820,76.04907360775256,2536.8677788629625,PROFIT_TARGET,2021
CVNA,2024-01-24,2024-02-08,42.02999877929688,52.38999938964844,4.853760415621371,15,-24.649062363177322,-854.4145934272129,STOP_LOSS,2024
CVNA,2024-04-15,2024-04-26,69.83000183105469,84.30999755859375,6.452508290707212,11,-20.736066658814753,-674.4232080572581,STOP_LOSS,2024
COIN,2024-04-17,2024-06-06,213.77999877929688,257.0799865722656,2.156822134166483,50,-20.254461614844978,-625.8214368370611,STOP_LOSS,2024
PLTR,2024-05-03,2024-08-15,23.32999992370605,31.21999931335449,2.085978849244336,104,-33.81911451114606,-1036.287115253819,STOP_LOSS,2024
AFRM,2024-02-13,2024-10-14,39.75,49.2599983215332,2.174920011712217,244,-23.924524079328812,-819.0790698061887,STOP_LOSS,2024
DOCU,2021-01-27,2024-11-11,225.19000244140625,81.22000122070312,2.005338336103694,1384,63.93267891995502,2729.2715775081956,PROFIT_TARGET,2021
COIN,2024-06-21,2024-11-11,225.8600006103516,324.239990234375,2.8874355687109725,143,-43.557951544393326,-1321.6326570759848,STOP_LOSS,2024
PLTR,2025-01-13,2025-01-23,64.9800033569336,78.9800033569336,2.870160798909801,10,-21.545089684126882,-726.5357665193599,STOP_LOSS,2025
CHWY,2021-02-25,2025-01-27,101.5500030517578,38.970001220703125,2.303513461544308,1432,61.62481531306211,2208.061204433134,PROFIT_TARGET,2021
PTON,2021-02-17,2025-02-06,139.22999572753906,8.489999771118164,4.141432648441627,1450,93.90217623238864,3568.918608372292,PROFIT_TARGET,2021
CVNA,2024-12-19,2025-02-10,222.97999572753903,267.8099975585937,2.7287625179324264,53,-20.10494335367769,-713.6543893195526,STOP_LOSS,2024
PLTR,2025-03-14,2025-04-24,86.23999786376953,107.77999877929688,2.4914977813752275,41,-24.97681058567901,-932.2457507148728,STOP_LOSS,2025
CVNA,2025-02-21,2025-05-08,223.3000030517578,285.5299987792969,3.3099787132388103,76,-27.868336263799794,-1152.543335307065,STOP_LOSS,2025
HOOD,2025-02-25,2025-05-12,45.91999816894531,57.43000030517578,2.2870434710959207,76,-25.0653366620002,-984.7894083585801,STOP_LOSS,2025
HOOD,2025-09-02,2025-09-19,100.83999633789062,124.77999877929688,3.962598319505681,17,-23.74058241849697,-945.3961320129398,STOP_LOSS,2025
PLTR,2025-09-03,2025-10-02,154.89999389648438,187.0500030517578,3.996773996660786,29,-20.755332745047394,-785.1918037400458,STOP_LOSS,2025
