donchian_entry,donchian_exit,sma_filter,atr_multiplier,risk_per_trade,cagr,sharpe,sortino,max_dd,calmar,win_rate,final_equity
40,20,250,2.0,0.01,0.23953481671454147,0.8395431746244982,1.020059264420648,-0.21111466747172208,1.1346194917822379,0.75,2635004.413659362
55,20,250,2.0,0.01,0.23781581827480336,0.8384871065125223,1.0157163432388014,-0.21111466747172208,1.126477004761679,0.75,2618556.6286965413
55,20,250,2.5,0.01,0.19837930825624972,0.8229914425977647,0.9896491283133174,-0.18593954952516548,1.0669021666603566,0.75,2262641.6011214554
80,20,250,2.0,0.01,0.2265105172109756,0.8198994133981184,0.941149270479076,-0.21551428084899865,1.0510232376186779,0.75,2512365.7130431305
40,20,250,2.5,0.01,0.19219908285199816,0.7924112383888974,0.9446918853444027,-0.18793885338162253,1.0226681678307623,0.75,2210467.013764932
40,20,250,2.0,0.0075,0.1856876233631406,0.7818501176162228,0.9494142223250103,-0.17290693214875236,1.0739165923283687,0.75,2156514.153542145
55,30,250,2.0,0.01,0.2179977524255452,0.7817733952739712,0.9188891326052449,-0.21111466747172208,1.032603537386833,0.75,2434641.793723069
55,20,250,2.0,0.0075,0.18441048208040955,0.780924189747375,0.9464713091405433,-0.17290693214875236,1.0665302992118364,0.75,2146053.3154921867
40,30,250,2.0,0.01,0.21752079000704794,0.7755914862649661,0.9094472861821988,-0.21111466747172208,1.030344279779537,0.75,2430343.0546213873
80,20,250,2.0,0.0075,0.17753772636585197,0.7673927202223043,0.8834455595587957,-0.17561186189289515,1.0109665967446515,0.75,2090436.014345879
55,20,250,2.5,0.0075,0.15400528714238515,0.7634741009421963,0.9188776860002494,-0.15013314013848014,1.0257914208703915,0.75,1908447.5320633235
80,30,250,2.0,0.01,0.20712835553397246,0.7621553156933054,0.8483590128762968,-0.21551428084899865,0.9610887720201622,0.75,2338136.0780293643
55,30,250,2.5,0.01,0.181013136879824,0.7592256947524594,0.8834108213918404,-0.18593954952516548,0.9735052996636699,0.75,2118418.460198955
80,20,250,2.5,0.01,0.17934131783113094,0.7580645534366927,0.8526188023935449,-0.18471544699376788,0.9709059028354122,0.75,2104921.571416996
40,20,250,2.5,0.0075,0.14954532292622136,0.7349016276184597,0.8781417699170365,-0.15279912399521986,0.9787053683036803,0.75,1875393.6107364774
40,30,250,2.5,0.01,0.17492654705059496,0.7285573969420577,0.8408990950450044,-0.18856982355124693,0.9276486754682454,0.75,2069601.9269350653
55,30,250,2.0,0.0075,0.170011648449651,0.7263870476157129,0.8582365995901745,-0.17290693214875236,0.9832552479931196,0.75,2030825.572958097
55,20,250,3.0,0.01,0.156947221745378,0.722663706455938,0.8518254362057649,-0.1683305975096113,0.9323748864873879,0.75,1930497.927240158
40,30,250,2.0,0.0075,0.1696480993471372,0.7203651308082686,0.8484822969868088,-0.17290693214875236,0.9811526769857234,0.75,2027979.9619482874
80,30,250,2.0,0.0075,0.16336475393594663,0.7119337960905929,0.7986046225194553,-0.17561186189289515,0.9302603604053923,0.75,1979286.718358906
80,20,250,2.5,0.0075,0.1410381564787857,0.7056451297648403,0.7988389353570189,-0.14965717217309313,0.9424082683832975,0.75,1813581.599710617
55,30,250,2.5,0.0075,0.14132337738594347,0.7021137173946426,0.8212930008765695,-0.15013314013848014,0.9413203324435184,0.75,1815627.930785072
40,20,250,3.0,0.01,0.15195942009764418,0.6942810596518633,0.8116460433513992,-0.1688479918038378,0.8999776572657481,0.75,1893229.2818069747
80,30,250,2.5,0.01,0.16261546192343435,0.6941375259684068,0.7539100866021226,-0.18529870586038594,0.8775855242397517,0.75,1973541.3258918466
80,20,250,3.0,0.01,0.14764981236070174,0.6922012294807764,0.7800207793732234,-0.16669405028118625,0.8857533433955206,0.75,1861481.2142263264
40,20,250,2.0,0.005,0.12850678276844407,0.689605191359444,0.8373314240335762,-0.1273954648653829,1.0087233709946857,0.75,1725431.3385712057
55,20,250,2.0,0.005,0.12767751924196347,0.6886925549192187,0.8351059494295888,-0.1273954648653829,1.0022140064159946,0.75,1719717.9647174
80,20,250,2.0,0.005,0.12425388359040856,0.679661760409911,0.785253561382509,-0.12843655382160674,0.9674339578045068,0.75,1696285.8633526643
40,30,250,2.5,0.0075,0.13691085910885548,0.6734277180119563,0.7824987881157589,-0.1532263532649723,0.8935203128674435,0.75,1784170.5324923494
55,20,250,2.5,0.005,0.10670415853263493,0.6630517674971044,0.7989993715788252,-0.10884837245808755,0.9803009096320824,0.75,1580044.6233554056
55,20,250,3.0,0.0075,0.12173403503552227,0.6600342473142132,0.7821003444024555,-0.13461895721139724,0.9042859754466729,0.75,1679198.8317445477
55,30,250,3.0,0.01,0.14252610499031082,0.6591151901990472,0.751771276390762,-0.1683305975096113,0.8467034935949355,0.75,1824276.7339847893
80,10,250,2.0,0.01,0.17323836936723813,0.6588328843442183,0.695443053579293,-0.2253684468808492,0.7686895471167182,0.75,2056218.5588662394
80,20,150,2.0,0.01,0.1810833222499928,0.6508492327260831,0.6668608831588282,-0.37041466626102953,0.4888665021767367,0.8,2265784.0674440535
80,30,150,2.0,0.01,0.18349749904465673,0.6457258942003633,0.7173642547082099,-0.34040597599833633,0.5390548697228322,0.8,2288635.7775599775
80,30,250,2.5,0.0075,0.12875530149710146,0.6442577399211868,0.7075693329721235,-0.15004221095798426,0.8581271941744201,0.75,1727146.4311004959
40,20,250,2.5,0.005,0.10384613966374023,0.6369045644127784,0.762862468246894,-0.1120292608431678,0.926955501465967,0.75,1561717.2488732813
55,30,250,2.0,0.005,0.11841001918882199,0.6365021983566782,0.7558864222706944,-0.1273954648653829,0.9294680883180912,0.75,1656864.0261680086
80,20,250,3.0,0.0075,0.1159092530815744,0.6358396505967627,0.7219317505289597,-0.1337520776439485,0.8665977764482122,0.75,1640213.7856240293
40,20,250,3.0,0.0075,0.11810758072193406,0.6333774579012397,0.7453179451000367,-0.13609459253027992,0.8678344857504614,0.75,1654843.411028476
40,30,250,2.0,0.005,0.11815388245451075,0.6308528501287709,0.7467342681633142,-0.1273954648653829,0.9274575243268071,0.75,1655152.6321269893
40,30,250,3.0,0.01,0.13759950700713164,0.6306785272857225,0.7135931426396103,-0.16934976679393754,0.8125166607082537,0.75,1789051.8389703762
80,30,250,3.0,0.01,0.13381194850416378,0.6291066908510767,0.6853860294579248,-0.16715426799126887,0.8005296551037112,0.75,1762332.8239803389
80,30,250,2.0,0.005,0.11507780561320091,0.6266722308146389,0.7088202484823642,-0.12843655382160674,0.8959895153605523,0.75,1634706.9115484797
80,20,150,2.0,0.0075,0.1480417979705979,0.6230266095156904,0.6632223006927513,-0.2867588833288421,0.5162588033962675,0.8,1970873.0443702845
40,20,200,2.0,0.01,0.17615307441068184,0.6227409923675432,0.6457081546199877,-0.3692717328226995,0.4770283202133406,0.6,2150766.2932545627
80,10,250,2.5,0.01,0.14397732694344612,0.6151405589522924,0.6447775164411839,-0.2078970384843035,0.692541500317315,0.75,1834755.111110668
80,20,250,2.5,0.005,0.09902923384672513,0.6122910058814002,0.6973459575772853,-0.10927995564395401,0.9061976028739721,0.75,1531203.1496826154
80,10,250,2.0,0.0075,0.1379293438193363,0.6119499056710481,0.6576007180551984,-0.18526029641527764,0.7445164802616706,0.75,1791393.4823123317
40,10,250,2.0,0.01,0.16541720818260197,0.6098230641761707,0.6588180849769799,-0.24188340803573674,0.6838716616650392,0.75,1995091.1403339424
55,20,200,2.0,0.01,0.17121401633844924,0.6086826957696526,0.6264929828955654,-0.3692717328226995,0.4636531884791062,0.6,2108467.497835343
80,30,150,2.0,0.0075,0.14640588553372935,0.6044105393805577,0.6902325006118322,-0.26309989975855647,0.5564649992952647,0.8,1957109.6995627875
55,30,250,2.5,0.005,0.09849612739720848,0.6042009967983408,0.7104754320438029,-0.10884837245808755,0.9048929733435818,0.75,1527854.7710746021
40,20,150,2.0,0.01,0.17044870683851165,0.6038095472103082,0.649857115568937,-0.36107123644699374,0.4720639298653577,0.8,2167274.137008457
80,20,200,2.0,0.01,0.1655624269018412,0.5997549938472081,0.5693965229247245,-0.37862533923595426,0.43727244255742986,0.6,2060873.7505804028
55,30,250,3.0,0.0075,0.11120373884581247,0.5988875638679317,0.6894038937228523,-0.13461895721139724,0.8260629940193716,0.75,1609237.4997294236
55,20,150,2.0,0.01,0.16472666763987265,0.5867614042492986,0.6245748231062295,-0.36107123644699396,0.4562165329501534,0.8,2115700.127449911
55,10,250,2.0,0.01,0.15775628790606722,0.5848385038748751,0.6190568958286136,-0.237795159716908,0.6634125273780761,0.75,1936596.6670150303
55,10,250,2.5,0.01,0.1405210815990956,0.5836571800996211,0.6303431594244453,-0.21332306203725598,0.6587242853965511,0.75,1809876.398811892
40,20,200,2.0,0.0075,0.14038135929881235,0.5818194021763163,0.6216207519333942,-0.285782658450842,0.4912172070194371,0.8,1859001.0784337113
40,30,250,2.5,0.005,0.09565431391714174,0.5779376209253808,0.6759264307233258,-0.11226260657903445,0.8520585512131305,0.75,1510101.720100428
40,10,250,2.5,0.01,0.13895442899419197,0.575110593490627,0.6198304229954449,-0.2214937029160334,0.6273516003607044,0.75,1798686.2032254562
80,30,250,3.0,0.0075,0.10573798917167188,0.5751045684288881,0.6338727144678608,-0.1340491192616683,0.7888003274774812,0.75,1573830.3227836515
40,30,250,3.0,0.0075,0.10760724064555838,0.5721615443286849,0.6542461912337902,-0.1364263223584472,0.7887571751940258,0.75,1585870.406516495
80,20,150,2.5,0.01,0.14017421284227294,0.5711282227015864,0.5782144422853747,-0.3266370344826938,0.42914366114139996,0.8,1905380.59597078
40,20,150,2.0,0.0075,0.13801948488881766,0.5697860044146495,0.6347884039265331,-0.2795237553671023,0.4937665663068773,0.8,1887749.8451408988
55,20,200,2.0,0.0075,0.13678371880552342,0.5687229269666025,0.604297980303123,-0.285782658450842,0.47862847783345064,0.8,1831481.2497483862
80,20,200,2.0,0.0075,0.13476948442161962,0.567787342561967,0.5628253329413355,-0.29302410682035684,0.45992626983500107,0.6,1816214.3695149408
40,30,150,2.0,0.01,0.15915661747475962,0.5669218415343812,0.6031481926999378,-0.3395321557924036,0.46875270798230667,0.6,2066439.684127287
80,10,250,2.5,0.0075,0.11438101748488294,0.5659526697781273,0.6031477308297916,-0.16861469071837576,0.6783573661201611,0.75,1630103.011378941
55,20,200,2.5,0.01,0.13795540068285583,0.5629272885688752,0.5850951682470361,-0.32564943275695674,0.4236316320741656,0.8,1840408.4229231484
80,20,150,2.0,0.005,0.10781761117839328,0.5609953909533603,0.6174925300598088,-0.19757374299289637,0.5457081975830654,0.8,1654004.6114508975
40,10,250,2.0,0.0075,0.13079813346341074,0.5605624591993635,0.6175283571216523,-0.19741602810228395,0.6625507296481643,0.75,1741294.8878769828
40,30,200,2.0,0.01,0.15535252702603009,0.5598742912665585,0.5521616900261515,-0.3692717328226995,0.4206997536435327,0.6,1977042.3017260572
55,20,150,2.0,0.0075,0.1338345251601296,0.5538840193599289,0.6119267030893625,-0.2795237553671024,0.47879481650624967,0.8,1853878.3514793052
80,30,250,2.5,0.005,0.09103746775284449,0.5535169204496332,0.6141806264590671,-0.10948463139289814,0.8315091040142987,0.75,1481602.629965628
80,10,250,3.0,0.01,0.11867067059294101,0.552995091532314,0.582112556720898,-0.19521173747823942,0.6079074553914537,0.75,1658606.9989339935
55,30,200,2.0,0.01,0.15245023574818095,0.5520673335510915,0.5432681334239652,-0.3692717328226995,0.4128402533897111,0.6,1953709.8629441003
55,20,250,3.0,0.005,0.08421238404440046,0.550868019999538,0.6554203004269948,-0.09643459289801347,0.8732590817639592,0.75,1440241.229573879
40,20,200,2.5,0.01,0.13495906416869952,0.5485503853899745,0.5641768953528783,-0.32564943275695674,0.41443052126985913,0.8,1817646.9973649024
40,20,150,2.5,0.01,0.13578546718421425,0.5439915708944341,0.5839871075117236,-0.31896373133562667,0.4257081725738129,0.8,1869607.7714029255
80,30,200,2.0,0.01,0.14766235196547117,0.5439528785832942,0.4942303829193347,-0.37862533923595426,0.38999595817714133,0.6,1915693.3583073067
80,30,150,2.5,0.01,0.13561737693618436,0.541910761622745,0.5841147700307072,-0.30168499501199236,0.4495330532789455,0.8,1868248.3780363507
80,20,150,2.5,0.0075,0.11478213735521448,0.5411201956393135,0.5684857846766457,-0.2514942427331867,0.4564006559664598,0.8,1705738.8127169425
55,10,250,2.0,0.0075,0.12503869812615642,0.5365917989894129,0.5811086077167967,-0.19356601830443537,0.645974428887094,0.75,1701635.2133778473
80,20,250,3.0,0.005,0.0811837671472666,0.5325036322813398,0.6087717978636699,-0.09643566498349185,0.8418438049985334,0.75,1422177.7387627817
55,10,250,2.5,0.0075,0.1106794440404475,0.5313140940630978,0.5834781190358831,-0.17226783233489584,0.6424846852735805,0.75,1605814.481919676
40,30,150,2.0,0.0075,0.1286971786629092,0.5298793020994299,0.5858191964206286,-0.2625888915098674,0.49010899860580387,0.6,1812962.3507675945
80,30,150,2.0,0.005,0.10425097211732282,0.5296889508461782,0.6208371180644334,-0.1809704121699796,0.5760663904517346,0.8,1627999.1144019372
80,10,250,2.0,0.005,0.0980381055748889,0.5295601699592811,0.5791200716301469,-0.1379443267832192,0.7107077750936195,0.75,1524982.5443641422
55,30,150,2.0,0.01,0.14706282455319264,0.5273779607684198,0.5462285367517353,-0.3395321557924035,0.4331337166283293,0.6,1962627.4637790269
40,20,250,3.0,0.005,0.0818696881873775,0.5263370039442843,0.6222236986898029,-0.09866574378738037,0.8297681144917175,0.75,1426253.2235025328
40,10,250,2.5,0.0075,0.1097116799909279,0.5240761793140233,0.5749279142480793,-0.1785622997329268,0.6144168178558529,0.75,1599511.0278505597
55,20,200,2.5,0.0075,0.1103692170646342,0.521553942690337,0.5573024160841488,-0.2506658896682642,0.4403040924742447,0.8,1639112.1905398858
40,30,200,2.0,0.0075,0.12516465871647076,0.521528229527456,0.5342818336948489,-0.285782658450842,0.4379714969234236,0.8,1744788.1948895508
55,20,150,2.5,0.01,0.12934052448511468,0.520276362965848,0.551970957128781,-0.31896373133562644,0.40550229314008557,0.8,1818046.456272341
80,20,150,3.0,0.01,0.116662728050283,0.5183973017526117,0.5258627397297738,-0.29208482209530606,0.3994138661960889,0.8,1719926.9360654291
55,30,200,2.0,0.0075,0.12310051545256773,0.5145995590984817,0.5268784290562004,-0.285782658450842,0.4307487239424028,0.8,1729731.4353936128
80,20,200,2.5,0.01,0.1246713368055945,0.5143888559300035,0.48380639201334735,-0.3333298977386299,0.37401786533817494,0.6,1741180.333077519
80,30,200,2.0,0.0075,0.12154629419001095,0.5142928515814972,0.4918040678766434,-0.29302410682035684,0.41479964057881036,0.6,1718462.0037963754
40,20,150,2.5,0.0075,0.11006030065231487,0.5083534096491469,0.5634122841135484,-0.2455872032334726,0.4481516105205357,0.8,1670525.4686411957
40,20,200,2.5,0.0075,0.10814751237317921,0.5076285307462844,0.5375559103846752,-0.2506658896682642,0.4314408813911761,0.8,1623689.5669464918
40,20,200,2.0,0.005,0.09968197016850988,0.5069677683271655,0.5564134040811001,-0.1968327134615642,0.506429893768522,0.8,1565968.398081104
40,20,150,2.0,0.005,0.09981912422983408,0.5035228200132676,0.5780226583511229,-0.19258801349861462,0.5183039298058502,0.8,1596139.9858878914
80,20,200,2.0,0.005,0.09743208945545723,0.5005278884794183,0.5150825272165269,-0.20182154867203447,0.4827635606631234,0.6,1550903.380840225
80,30,150,2.5,0.0075,0.10873790706249453,0.5000651806815782,0.5552044752355629,-0.23199662957682235,0.46870468446390745,0.8,1660768.186024984
80,10,250,3.0,0.0075,0.09408067674585441,0.4997963265107198,0.5347382799490348,-0.1566701747165296,0.6005015116379285,0.75,1500340.3930568064
55,30,200,2.5,0.01,0.12159488331061596,0.4997037539170676,0.49451853029217524,-0.32564943275695674,0.3733919702582942,0.8,1718813.4378175293
40,30,150,2.5,0.01,0.12454086455427338,0.49812202785010057,0.5294171137724573,-0.3011080154539517,0.41360859944732803,0.6,1780388.8990099702
55,20,200,2.0,0.005,0.09737941417955742,0.49490982855892135,0.5412625107605162,-0.1968327134615642,0.4947318586784246,0.8,1550552.0452303784
55,30,250,3.0,0.005,0.07739400461495682,0.4921028798274366,0.5706318143657403,-0.09643459289801347,0.8025543769008966,0.75,1399823.5021979336
55,30,150,2.0,0.0075,0.11974583088380242,0.49209735791475445,0.5330037850933617,-0.26258889150986753,0.45602016976145626,0.6,1743390.6655766098
55,20,150,2.0,0.005,0.09712718286325694,0.48893449086940177,0.5579285804266713,-0.19258801349861504,0.5043262096057469,0.8,1577032.2602504198
80,10,150,2.0,0.01,0.12897739163697652,0.48862817967935873,0.4388095163558615,-0.37041466626103015,0.34819731340250587,0.8,1815175.3682199938
80,30,150,3.0,0.01,0.11200015578032674,0.48776636297158843,0.5232625456952714,-0.2707494288355655,0.4136671913289534,0.8,1684921.2568392807
55,20,150,2.5,0.0075,0.10539553800730794,0.48614561011875024,0.5340895711434548,-0.2455872032334725,0.42915728759332594,0.8,1636308.758779168
40,30,200,2.5,0.01,0.11864833770391181,0.48546150514489717,0.4749855075024837,-0.32564943275695674,0.36434375671848046,0.8,1697603.9283467312
55,10,250,3.0,0.01,0.10829864355459118,0.48513643464662964,0.5105308034663473,-0.19948717685358697,0.5428852383533236,0.75,1590341.9363305834
80,20,150,3.0,0.0075,0.09510026668667693,0.48278647411365244,0.5068721290499459,-0.2238894879342044,0.4247643226314607,0.8,1562765.5702178914
80,20,200,2.5,0.0075,0.10198922039625158,0.48149592026767546,0.4723478541851105,-0.2565772739663455,0.3974990412035838,0.8,1581537.0994822946
40,20,150,3.0,0.01,0.1100056982993789,0.47921938866859903,0.5061142084181577,-0.2855465932560374,0.3852460540502457,0.8,1670121.6835260848
40,10,250,3.0,0.01,0.10717433103999019,0.47840954001519576,0.5015420882321666,-0.20630601503681495,0.5194920323620478,0.75,1583075.623859879
40,10,250,2.0,0.005,0.09229446115115203,0.4770865358265787,0.535468160682277,-0.1458298682013319,0.6328913431076466,0.75,1489320.0232009315
55,20,200,3.0,0.01,0.10791209237371979,0.4767885950111714,0.48324131652374547,-0.2911639981372689,0.37062306145021673,0.8,1622062.054936913
80,10,250,2.5,0.005,0.0810903406222272,0.47571560627867504,0.5146390233674721,-0.12326543528588191,0.6578514117453882,0.75,1421623.3356763753
80,30,250,3.0,0.005,0.07455674427763603,0.4740892071939731,0.5278825739731867,-0.09659420576906932,0.7718552441528541,0.75,1383267.4657914857
80,20,150,2.5,0.005,0.08370586341572217,0.47202425656648134,0.5115602703103955,-0.17226458101177974,0.48591453288937103,0.8,1484465.7087518554
40,30,250,3.0,0.005,0.0750604898801952,0.46751264427509154,0.5387725321589278,-0.09884762266089471,0.7593555399677814,0.75,1386195.7455267631
40,20,200,3.0,0.01,0.10545347970438712,0.46327078638959196,0.46439298297733217,-0.2911639981372689,0.3621789794721503,0.8,1605141.8116963126
80,10,150,2.0,0.0075,0.10738219027772278,0.46138689856431103,0.4391079053717593,-0.2867588833288418,0.3744685745431009,0.8,1650812.2073576043
55,30,200,2.5,0.0075,0.09836852212172809,0.46089872216489275,0.4723818951463811,-0.2506658896682642,0.3924288312698261,0.8,1557159.7152853643
40,30,150,2.0,0.005,0.09295019234191537,0.4606651542151712,0.5278317574593162,-0.18073391450225412,0.5142930290526967,0.8,1547744.5732651795
40,30,150,2.5,0.0075,0.10079791383107284,0.4591423512781992,0.5059632447373585,-0.23166155930044097,0.4351085011059104,0.6,1603133.086094985
80,20,200,3.0,0.01,0.1027655102282572,0.45795202041230393,0.43225383661356503,-0.2977074502118383,0.3451895817693941,0.6,1586802.6285262583
55,20,150,3.0,0.01,0.10481339180207727,0.456434263854818,0.47623724453664323,-0.2855465932560379,0.36706230884041896,0.8,1632078.117570167
55,10,250,2.0,0.005,0.08844697129944867,0.4541745964560522,0.5022842869479179,-0.14249933442818757,0.6206833993601665,0.75,1465796.2952601076
80,30,200,2.5,0.01,0.1091770701028647,0.45246112208487393,0.40326685270677787,-0.3333298977386299,0.32753458613686204,0.6,1630822.262031793
40,30,200,2.0,0.005,0.08982887342772217,0.44954253530370786,0.4764421137819441,-0.1968327134615642,0.4563716663148231,0.8,1500836.1005147519
80,30,200,2.0,0.005,0.08879444457195751,0.44948891058689994,0.44911230601290797,-0.20182154867203447,0.43996513333792175,0.6,1494124.0399215252
40,30,200,2.5,0.0075,0.09617058508948717,0.4470551495794814,0.4537859080554008,-0.2506658896682642,0.3836604382700856,0.8,1542506.5715886531
55,30,200,2.0,0.005,0.0885484036496651,0.44346126912690575,0.4703311847740865,-0.1968327134615642,0.4498662955584163,0.8,1492531.051583379
80,10,200,2.0,0.01,0.11628751824277539,0.44233272937435014,0.36630678275475437,-0.37862533923595426,0.30713083936071844,0.6,1680759.831768295
80,30,150,3.0,0.0075,0.08966859949328021,0.44208977065700955,0.48765077609906154,-0.20731803081981168,0.4325171290634858,0.8,1525040.4032945114
55,30,150,2.5,0.01,0.11040586264319474,0.4419412573657769,0.44977117844661074,-0.3011089781670019,0.3666641337474871,0.6,1673082.707726229
55,20,200,2.5,0.005,0.07866346285659787,0.43999499997278585,0.48172877015802856,-0.17164749961348763,0.4582849329802686,0.8,1429629.7302936132
40,20,150,3.0,0.0075,0.08904702668546105,0.4390888026376335,0.4788942970660371,-0.21888281983067007,0.40682510739924094,0.8,1520770.0060049458
55,10,250,2.5,0.005,0.077758662658034,0.43878514600032653,0.4887703906191699,-0.12523898884358398,0.6208822298553522,0.75,1401962.496461907
40,30,150,3.0,0.01,0.10102267410494115,0.4373765654993825,0.45764779196848787,-0.27034196036766694,0.37368477304651343,0.6,1604742.3575754473
40,20,150,2.5,0.005,0.07960131898012857,0.4349637638829159,0.49567306305486364,-0.16821958471850507,0.4731988793892914,0.8,1457038.7005498025
40,10,250,2.5,0.005,0.07726079719789092,0.4330746180485645,0.4824340015347849,-0.1295916091239107,0.5961867262873246,0.75,1399042.7740686606
80,10,150,2.5,0.01,0.10354997741811256,0.4310639920043755,0.39062553013833623,-0.31880652194310644,0.3248050786005936,0.8,1622926.454628654
55,20,200,3.0,0.0075,0.0862467602926218,0.4304534673723369,0.44929246897936514,-0.2231405399643267,0.3865131827072301,0.8,1477693.8297541551
55,10,250,3.0,0.0075,0.08528558640568407,0.42934294899868325,0.46028331973242786,-0.15948153570267845,0.5347677775355891,0.75,1446684.766469203
40,20,200,2.5,0.005,0.07719475729663183,0.4268228910397136,0.46329689833621324,-0.17164749961348763,0.44972841125246465,0.8,1420465.005123343
55,30,150,2.0,0.005,0.08707531425037729,0.4251702938147608,0.47952111126937796,-0.18073391450225407,0.48178735291704927,0.8,1507286.7198577016
40,10,250,3.0,0.0075,0.08458620076584289,0.4236801844403179,0.4528862943842147,-0.16475360483926835,0.5134103186899259,0.75,1442483.0948752526
80,30,200,2.5,0.0075,0.09050917770616662,0.4220548063031245,0.39569135620562895,-0.2565772739663455,0.3527560189061735,0.8,1505263.3035812497
80,30,150,2.5,0.005,0.07774377269510602,0.41982549605882025,0.47823092374456677,-0.15870923433996414,0.48985034184321286,0.8,1444759.8130454319
80,20,200,3.0,0.0075,0.08364782731532228,0.4189579671464141,0.4109509592187823,-0.22815034025568193,0.3666346814191923,0.8,1461080.172354643
55,20,150,3.0,0.0075,0.08526990315097738,0.41757253013985346,0.45108912903128917,-0.21888281983067,0.3895687346176509,0.8,1495024.3371854774
40,20,200,3.0,0.0075,0.08441402334786474,0.41735772663183784,0.43120652409644245,-0.2231405399643267,0.37829980765198445,0.8,1465962.6916210544
80,10,200,2.0,0.0075,0.09775809955487902,0.4157276206515687,0.3689817270758838,-0.29302410682035684,0.3336179422767124,0.6,1553079.2117757164
55,20,150,2.5,0.005,0.07662507474044444,0.4142910444626111,0.4689636677352661,-0.16821958471850484,0.4555062650325005,0.8,1437404.7756333617
55,30,200,3.0,0.01,0.09431677572070929,0.4140752539544053,0.3974128653631412,-0.2911639981372689,0.32393007488598835,0.6,1530232.3259660576
80,20,200,2.5,0.005,0.07412409489753258,0.4078382130693539,0.41407851206172086,-0.17569458116457976,0.42189175332674456,0.8,1401453.6732449646
40,10,200,2.0,0.01,0.10796717502061637,0.4057266844055104,0.3458406721333097,-0.3692717328226995,0.29237866163033727,0.6,1622442.7385322694
55,30,150,2.5,0.0075,0.09033709053550765,0.40539634808732955,0.431269015028073,-0.2316619697382741,0.3899521817826561,0.6,1529643.7978192158
80,20,150,3.0,0.005,0.06901843087937509,0.4024309511719376,0.43438933969171756,-0.15263582974283296,0.45217712640380797,0.8,1388180.8665271509
40,30,200,3.0,0.01,0.09188965210334676,0.4007016323188909,0.3797311675362665,-0.2911639981372689,0.31559414175933076,0.6,1514278.6227130024
80,10,150,2.5,0.0075,0.08589126126105762,0.39959003094316947,0.38084903619931904,-0.24552024854263438,0.3498337174668617,0.8,1499235.6098743838
80,10,250,3.0,0.005,0.06651450975093054,0.3993070171953759,0.4326008099975208,-0.11293743006660842,0.5889500913178342,0.75,1337166.3721098246
80,10,150,2.0,0.005,0.07932631835207715,0.39864411330703675,0.39858714899138936,-0.1975737429928959,0.40150233097992916,0.8,1455215.648467195
40,10,150,2.0,0.01,0.10537876118891987,0.39793442597939044,0.3493419922304398,-0.36107123644699385,0.29185033464827026,0.6,1636186.714204372
80,30,200,3.0,0.01,0.08986540289664036,0.396855428025329,0.3544427196846213,-0.2977074502118383,0.3018580920050716,0.6,1501073.5615895626
40,30,150,3.0,0.0075,0.08190446225559911,0.3955027659277976,0.4290067251173172,-0.20708227938906304,0.3955165188312335,0.6,1472378.3765379733
80,10,150,3.0,0.01,0.08676719075638983,0.3837765041133835,0.35216050144227945,-0.2755794213848708,0.31485366476334914,0.8,1505188.2905092628
40,30,150,2.5,0.005,0.07276597939479545,0.3823550138243851,0.434475221373526,-0.15855531962267067,0.45893117662632604,0.6,1412261.1761820526
55,30,150,3.0,0.01,0.0893458561490228,0.3823213429142678,0.38223195839596874,-0.2703425210090129,0.3304913182563838,0.6,1522821.8662954788
55,30,200,2.5,0.005,0.07086652230530266,0.38202615927613137,0.40303702338372577,-0.17164749961348763,0.41286079007779586,0.8,1381504.937146317
80,10,200,2.5,0.01,0.09242512885302956,0.3815622331737234,0.3198689542436153,-0.32550134873039904,0.28394699196648165,0.6,1517787.0368109308
55,10,200,2.0,0.01,0.09768167167705721,0.3708386925099352,0.2989896750435445,-0.3692717328226995,0.2645251802253645,0.6,1552568.90709307
40,10,200,2.0,0.0075,0.08931836564444251,0.3706419715450506,0.3366743636757012,-0.285782658450842,0.3125394876253708,0.8,1497520.6239588028
55,30,200,3.0,0.0075,0.07627770495430042,0.3702426858260997,0.3683221980514376,-0.2231405399643267,0.3418370546494818,0.6,1414766.1220242262
40,30,200,2.5,0.005,0.06940410082733117,0.36890203784912146,0.3856752971925414,-0.17164749961348763,0.404340878740523,0.8,1372622.4724031002
40,10,150,2.0,0.0075,0.0876732354105898,0.36455715042581877,0.3415393106312343,-0.2795237553671016,0.3136521806364814,0.6,1511365.4213109242
55,10,150,2.0,0.01,0.09450504753106603,0.3605724610692987,0.2970862512513544,-0.3610712364469935,0.26173518683186414,0.6,1558595.637283148
80,30,200,3.0,0.0075,0.07409892470849333,0.3601672798791782,0.3366197437796878,-0.22815034025568193,0.3247811273279394,0.8,1401298.6706845337
40,30,200,3.0,0.0075,0.07445889230022651,0.35725037373060675,0.35129835948566035,-0.2231405399643267,0.3336860810327437,0.6,1403516.7015584328
40,20,150,3.0,0.005,0.06426080752097629,0.35538347223089134,0.3970592955391901,-0.1492260398453735,0.43062730598200344,0.8,1358082.557099806
80,10,200,2.0,0.005,0.07271965914161549,0.3535528926341124,0.33208019721475274,-0.20182154867203447,0.36031662436495776,0.6,1392825.5377196015
80,30,150,3.0,0.005,0.0639766503746666,0.35230171076583955,0.39655535651745943,-0.14118694558287856,0.4531343185486755,0.8,1356301.4749122446
80,30,200,2.5,0.005,0.06659447917553107,0.350940315873336,0.34226783401713257,-0.17569458116457976,0.37903547584742814,0.8,1355683.7092468261
80,10,200,2.5,0.0075,0.0773229283502106,0.35024559955754486,0.3114886412189796,-0.25060436362806104,0.308545817921075,0.6,1421262.943615061
40,10,200,2.5,0.01,0.08641643944053823,0.3500493033990166,0.30088645334176123,-0.3177826630840026,0.27193566383353934,0.6,1478783.6569985086
55,10,200,2.5,0.01,0.08525576186810069,0.34566485172244305,0.2948483273235042,-0.3177826630840026,0.2682832381122195,0.8,1471341.4129794885
80,10,150,3.0,0.0075,0.0714310113725154,0.3454276586626477,0.3307811748926049,-0.21133054146947208,0.3380060964015181,0.8,1403645.3417864486
55,30,150,3.0,0.0075,0.07325026955873915,0.3427741795830755,0.3575070981185054,-0.20708251814546916,0.35372502814208134,0.6,1415397.1586985218
55,20,200,3.0,0.005,0.061363303166106276,0.3381077030969555,0.35986185979533425,-0.1520936995871574,0.4034572328286484,0.8,1324584.9491160298
55,10,200,2.0,0.0075,0.08162304554169375,0.3369872000481776,0.2921375521381708,-0.285782658450842,0.2856123110623729,0.8,1448239.0875472003
55,20,150,3.0,0.005,0.06183536070313522,0.335114252606393,0.3712853551620004,-0.14922603984537325,0.4143737967395536,0.8,1342939.7326947302
40,10,150,2.5,0.01,0.08265008100731541,0.3350833793629179,0.2930932092802611,-0.31109498854493217,0.2656747426047915,0.6,1477371.9031584386
80,20,200,3.0,0.005,0.06049080586139488,0.33327361964595853,0.335968405791341,-0.15550497483047748,0.38899595287763916,0.8,1319453.2307710713
80,10,200,3.0,0.01,0.07674106693275484,0.3317148510134496,0.2802166797151306,-0.28120541933370674,0.2729003840487375,0.8,1417643.3581971403
55,30,150,2.5,0.005,0.06590171665675681,0.33148843481572915,0.3648648350334896,-0.15855544266107052,0.41563831269815754,0.6,1368404.1664945171
55,10,150,2.0,0.0075,0.07954845105796005,0.3285771744919308,0.29197666218233465,-0.2795237553671025,0.284585655174416,0.6,1456688.083907682
55,10,250,3.0,0.005,0.059855661186975384,0.3273784502036043,0.35472119848602834,-0.11444678752584676,0.5229999240778823,0.75,1299908.1462168333
80,10,150,2.5,0.005,0.06327286890094763,0.3272945161460534,0.3240802841625711,-0.1682116259155912,0.3761503912499962,0.8,1351898.2188444391
40,20,200,3.0,0.005,0.060145610314451536,0.32572883760735555,0.34311865406176206,-0.1520936995871574,0.39545103102699564,0.8,1317427.2450996276
40,10,250,3.0,0.005,0.059491510219415344,0.3229906288968352,0.3491259618728037,-0.11810143658801556,0.5037323163726215,0.75,1297894.1791482214
55,10,150,2.5,0.01,0.07758423815750115,0.31400922302302253,0.26422775352596706,-0.31109498854493195,0.2493908324283261,0.6,1443709.102108412
40,10,200,2.5,0.0075,0.07132548747173284,0.31196345275467585,0.2828311810557402,-0.2446713413829029,0.29151549612878735,0.8,1384301.9217470991
40,30,150,3.0,0.005,0.0591812472905322,0.3100608311462459,0.34461151937139534,-0.14107908782936074,0.4194898634595203,0.6,1326523.6941547268
55,10,200,2.5,0.0075,0.0703524360207406,0.3072151279912748,0.2763957707426975,-0.2446713413829029,0.2875385225874953,0.8,1378377.328877991
40,10,200,2.0,0.005,0.06565274687200473,0.30227571430522426,0.2883824192629368,-0.1968327134615642,0.33354591174106246,0.8,1350043.1741927187
40,10,150,2.5,0.0075,0.06887240923143279,0.29944792296018574,0.27740035200657603,-0.23959156716939212,0.28745756808185047,0.6,1387249.2520507583
40,10,150,2.0,0.005,0.06485745885637084,0.2981631413433867,0.29346826057314573,-0.19258801349861465,0.336767889538657,0.6,1361828.399339628
80,10,200,3.0,0.0075,0.06369409218484279,0.2934785267766015,0.260361715463738,-0.2155932538951155,0.2954363878928674,0.8,1338370.9915544477
55,30,200,3.0,0.005,0.05488469887239056,0.28039122493562363,0.28449085469798774,-0.1520936995871574,0.3608610943212598,0.6,1286852.6974436594
40,10,150,3.0,0.01,0.06705067961726785,0.27952486910484425,0.23766522966125384,-0.26904669786098545,0.24921576867638223,0.6,1375668.4656992173
55,10,150,2.5,0.0075,0.06503771713957773,0.27884337961143824,0.24950866732378152,-0.23959156716939226,0.27145244679499003,0.6,1362961.6976913007
80,10,200,2.5,0.005,0.057314266531288904,0.27808841221618374,0.2575524257201014,-0.1716420955664892,0.33391730823448845,0.8,1300902.1780453064
80,30,200,3.0,0.005,0.05422930180648944,0.2767420286299185,0.26608926243936143,-0.15550497483047748,0.34873033396910347,0.8,1283083.2865358626
55,10,200,2.0,0.005,0.06054831106086689,0.27009828511975936,0.24668911057080445,-0.1968327134615642,0.3076130486444279,0.8,1319790.9727527753
40,30,200,3.0,0.005,0.05366948721246034,0.2680974316405866,0.26863958002029636,-0.1520936995871574,0.3528712060929585,0.6,1279870.4986287472
40,10,200,3.0,0.01,0.0649055761715207,0.26793125654599015,0.21444111421969558,-0.27466747145052506,0.23630601697664783,0.6,1345581.1447706
55,10,150,2.0,0.005,0.05947637348860857,0.2638520464110368,0.24733820438333023,-0.19258801349861512,0.3088269742656453,0.6,1328341.1487222791
55,10,200,3.0,0.01,0.06384693033721045,0.2629273028360263,0.2082395270119269,-0.27466747145052506,0.23245173518376014,0.6,1339278.9263346293
80,10,150,3.0,0.005,0.052248173484465754,0.2601338767888575,0.25502639005247096,-0.14413890213071687,0.36248488584353766,0.8,1284394.7423621935
55,30,150,3.0,0.005,0.05349170758970723,0.2599866424056997,0.27759062179829674,-0.14107915930190762,0.3791609466231341,0.6,1291871.560045077
55,10,150,3.0,0.01,0.06279420815880443,0.258510831422256,0.21000944567033217,-0.2690466978609852,0.23339520112322593,0.6,1348909.9570275026
40,10,150,3.0,0.0075,0.055707789138258024,0.23852205433844878,0.21235250631146757,-0.20632698726403503,0.2699975891518699,0.6,1305281.7892433393
40,10,200,2.5,0.005,0.05231095070017644,0.23471795425784653,0.21862130595332696,-0.1675853306352853,0.31214516510410073,0.8,1272100.1873189213
55,10,200,2.5,0.005,0.051587906587670096,0.22947975304991008,0.21174030229902488,-0.1675853306352853,0.30783068179123907,0.8,1267979.8382637582
40,10,150,2.5,0.005,0.051015194279591336,0.22495560837285467,0.21430491751784897,-0.16415694512034296,0.310770855550414,0.6,1277015.4569999345
40,10,200,3.0,0.0075,0.053608572353010864,0.2242382663394336,0.1869919861037297,-0.2105865670406594,0.2545678630235721,0.6,1279521.2898060034
55,10,200,3.0,0.0075,0.05274245030167113,0.2189199097846445,0.18041144243578774,-0.2105865670406594,0.25045496036548137,0.6,1274564.1600505442
55,10,150,3.0,0.0075,0.05249211033062551,0.21795176021122173,0.18555149353546982,-0.20632698726403512,0.2544122367446375,0.6,1285858.701734121
80,10,200,3.0,0.005,0.04687819196336229,0.20837565661805563,0.18764364703327455,-0.14700885420664828,0.31888005805055986,0.8,1241397.684885315
55,10,150,2.5,0.005,0.048436204312616526,0.20481287923745095,0.1876324597140432,-0.16415694512034312,0.29506034165723566,0.6,1261689.5832598188
40,10,150,3.0,0.005,0.041109165524498836,0.1521616861884967,0.13184160625735988,-0.14073050431855327,0.2921126853311446,0.6,1218945.8308093925
40,10,200,3.0,0.005,0.03930563999157832,0.1352225914889269,0.10617564897919388,-0.14359897091641152,0.2737181174819004,0.6,1199580.0035195742
55,10,150,3.0,0.005,0.03895056148227849,0.13200723026041852,0.10612575479339424,-0.14073050431855313,0.2767741199456745,0.6,1206575.73850324
55,10,200,3.0,0.005,0.03867626793218637,0.1294643173813886,0.09918282754800041,-0.14359897091641152,0.2693352722889616,0.6,1196155.0771183926
