date,year,ticker,category,pattern,stock_return_3m,put_return,pnl,cumulative,peak,drawdown,short_return,short_pnl
1966-07-14,1966,BA,largecap,death_cross,-0.0593320381673705,-0.5055663486052457,-505.56634860524576,-505.56634860524576,-505.56634860524576,0.0,0.0593320381673705,296.6601908368525
1975-12-05,1975,DIS,largecap,below_200sma,0.096255936519634,-0.95,-950.0,-1455.5663486052458,-505.56634860524576,-950.0,-0.096255936519634,-481.27968259817004
1979-02-27,1979,BA,largecap,below_200sma,0.1268790837288149,-0.95,-950.0,-2405.566348605246,-505.56634860524576,-1900.0,-0.1268790837288149,-634.3954186440745
1981-05-05,1981,LEN,bubble,deep_oversold,-0.2599999200597952,1.1666660004982936,1166.6660004982937,-1238.9003481069522,-505.56634860524576,-733.3339995017063,0.2599999200597952,1299.999600298976
1983-06-15,1983,LOW,bubble,deep_oversold,-0.2212762651845927,0.8439688765382726,843.9688765382725,-394.9314715686796,-394.9314715686796,0.0,0.2212762651845927,1106.3813259229635
1983-07-08,1983,LEN,bubble,deep_oversold,-0.2210530268510676,0.84210855709223,842.10855709223,447.1770855235503,447.1770855235503,0.0,0.2210530268510676,1105.265134255338
1983-07-28,1983,PHM,bubble,deep_oversold,-0.016304289004308,-0.8641309249641,-864.1309249641,-416.9538394405497,447.1770855235503,-864.1309249641,0.016304289004308,81.52144502154
1983-10-14,1983,PHM,bubble,below_200sma,-0.440000364031932,2.6666697002661,2666.6697002661,2249.7158608255504,2249.7158608255504,0.0,0.440000364031932,2200.00182015966
1983-10-21,1983,HD,bubble,below_200sma,-0.1843569731008495,0.5363081091737459,536.308109173746,2786.0239699992962,2786.0239699992962,0.0,0.1843569731008495,921.7848655042475
1986-09-08,1986,AMGN,bubble,deep_oversold,1.1605814510187955,-1.0,-1000.0,1786.0239699992962,2786.0239699992962,-1000.0,-1.1605814510187955,-5802.907255093977
1987-07-24,1987,TOL,bubble,deep_oversold,-0.2352940776136675,0.9607839801138959,960.7839801138958,2746.807950113192,2786.0239699992962,-39.21601988610428,0.2352940776136675,1176.4703880683376
1987-10-01,1987,TOL,bubble,deep_oversold,-0.3506492335673817,1.9220769463948477,1922.0769463948477,4668.88489650804,4668.88489650804,0.0,0.3506492335673817,1753.2461678369084
1987-10-19,1987,INTC,bubble,deep_oversold,0.1071429335009546,-0.95,-950.0,3718.8848965080397,4668.88489650804,-950.0,-0.1071429335009546,-535.714667504773
1987-10-20,1987,AMAT,bubble,deep_oversold,0.4210531384972351,-1.0,-1000.0,2718.8848965080397,4668.88489650804,-1950.0,-0.4210531384972351,-2105.2656924861753
1987-10-23,1987,ORCL,bubble,deep_oversold,0.4588214054834127,-1.0,-1000.0,1718.8848965080397,4668.88489650804,-2950.0,-0.4588214054834127,-2294.1070274170634
1988-01-08,1988,ORCL,bubble,death_cross,0.5740731095626304,-1.0,-1000.0,718.8848965080397,4668.88489650804,-3950.0,-0.5740731095626304,-2870.365547813152
1988-10-24,1988,AMAT,bubble,death_cross,0.0909088394510306,-0.95,-950.0,-231.11510349196033,4668.88489650804,-4900.0,-0.0909088394510306,-454.54419725515305
1989-10-31,1989,KBH,bubble,below_200sma,-0.2134111143646098,0.7784259530384151,778.4259530384151,547.3108495464547,4668.88489650804,-4121.574046961585,0.2134111143646098,1067.055571823049
1991-10-08,1991,AMD,bubble,below_200sma,0.9583333333333331,-1.0,-1000.0,-452.68915045354527,4668.88489650804,-5121.574046961585,-0.9583333333333331,-4791.666666666666
1991-10-29,1991,KBH,bubble,below_200sma,0.3092223114460435,-1.0,-1000.0,-1452.6891504535452,4668.88489650804,-6121.574046961585,-0.3092223114460435,-1546.1115572302176
1991-10-31,1991,TOL,bubble,deep_oversold,0.7358490685856753,-1.0,-1000.0,-2452.689150453545,4668.88489650804,-7121.574046961585,-0.7358490685856753,-3679.245342928377
1993-11-23,1993,QCOM,bubble,below_200sma,-0.3809526950488379,2.174605792073649,2174.605792073649,-278.08335837989625,4668.88489650804,-4946.9682548879355,0.3809526950488379,1904.7634752441895
1994-01-03,1994,QCOM,bubble,below_200sma,-0.4070588074947719,2.392156729123099,2392.156729123099,2114.0733707432028,4668.88489650804,-2554.811525764837,0.4070588074947719,2035.2940374738596
1994-02-01,1994,MTCH,bubble,death_cross,0.0,-0.8,-800.0,1314.0733707432028,4668.88489650804,-3354.811525764837,-0.0,-0.0
1994-04-19,1994,MTCH,bubble,below_200sma,0.0681820229148024,-0.95,-950.0,364.07337074320276,4668.88489650804,-4304.811525764837,-0.0681820229148024,-340.91011457401197
1995-11-24,1995,REGN,bubble,below_200sma,0.986842413406594,-1.0,-1000.0,-635.9266292567972,4668.88489650804,-5304.811525764837,-0.986842413406594,-4934.21206703297
1995-12-15,1995,AMAT,bubble,below_200sma,-0.1904760591218982,0.587300492682485,587.300492682485,-48.62613657431223,4668.88489650804,-4717.511033082352,0.1904760591218982,952.380295609491
1995-12-27,1995,PENN,volatile,deep_oversold,1.5428549907653744,-1.0,-1000.0,-1048.626136574312,4668.88489650804,-5717.511033082352,-1.5428549907653744,-7714.274953826872
1996-01-02,1996,AMAT,bubble,below_200sma,-0.2386712268536918,0.9889268904474318,988.9268904474318,-59.699246126880325,4668.88489650804,-4728.58414263492,0.2386712268536918,1193.356134268459
1996-01-30,1996,PENN,volatile,below_200sma,1.1973680164772316,-1.0,-1000.0,-1059.6992461268803,4668.88489650804,-5728.58414263492,-1.1973680164772316,-5986.8400823861575
1996-02-29,1996,REGN,bubble,below_200sma,0.4374999950053986,-1.0,-1000.0,-2059.69924612688,4668.88489650804,-6728.58414263492,-0.4374999950053986,-2187.499975026993
1996-03-25,1996,SSYS,bubble,below_200sma,0.2481202865187401,-1.0,-1000.0,-3059.69924612688,4668.88489650804,-7728.58414263492,-0.2481202865187401,-1240.6014325937006
1996-04-09,1996,MTCH,bubble,below_200sma,-0.1794872476799197,0.4957270639993308,495.7270639993308,-2563.9721821275493,4668.88489650804,-7232.857078635589,0.1794872476799197,897.4362383995984
1996-05-07,1996,REGN,bubble,death_cross,0.4018692151649441,-1.0,-1000.0,-3563.9721821275493,4668.88489650804,-8232.857078635589,-0.4018692151649441,-2009.3460758247206
1996-05-08,1996,SSYS,bubble,deep_oversold,-0.126760556569674,0.05633797141395003,56.33797141395003,-3507.6342107135993,4668.88489650804,-8176.5191072216385,0.126760556569674,633.80278284837
1996-07-05,1996,BIIB,bubble,below_200sma,0.1931036790628029,-1.0,-1000.0,-4507.634210713599,4668.88489650804,-9176.519107221638,-0.1931036790628029,-965.5183953140145
1996-10-21,1996,BIIB,bubble,deep_oversold,-0.2458101201565602,1.048417667971335,1048.417667971335,-3459.2165427422638,4668.88489650804,-8128.101439250304,0.2458101201565602,1229.050600782801
1997-03-04,1997,PENN,volatile,below_200sma,0.2844839084427095,-1.0,-1000.0,-4459.216542742264,4668.88489650804,-9128.101439250304,-0.2844839084427095,-1422.4195422135474
1997-09-04,1997,AMD,bubble,below_200sma,-0.3812056737588652,2.1767139479905437,2176.7139479905436,-2282.5025947517206,4668.88489650804,-6951.38749125976,0.3812056737588652,1906.028368794326
1997-10-02,1997,AMD,bubble,below_200sma,-0.0086767895878524,-0.92769342010123,-927.69342010123,-3210.1960148529506,4668.88489650804,-7879.08091136099,0.0086767895878524,43.383947939262
1997-10-24,1997,AMAT,bubble,deep_oversold,0.0731710440160977,-0.95,-950.0,-4160.196014852951,4668.88489650804,-8829.08091136099,-0.0731710440160977,-365.8552200804885
1998-04-21,1998,BIIB,bubble,deep_oversold,-0.2595155846363098,1.1626298719692485,1162.6298719692486,-2997.566142883702,4668.88489650804,-7666.451039391742,0.2595155846363098,1297.577923181549
1998-07-24,1998,DHI,bubble,death_cross,-0.0346685948561503,-0.7110950428654141,-711.0950428654141,-3708.661185749116,4668.88489650804,-8377.546082257155,0.0346685948561503,173.3429742807515
1999-08-03,1999,SCHW,largecap,below_200sma,-0.0555985418203219,-0.5366788181639842,-536.6788181639843,-4245.3400039131,4668.88489650804,-8914.22490042114,0.0555985418203219,277.99270910160953
1999-09-29,1999,EBAY,bubble,death_cross,0.4316550252089117,-1.0,-1000.0,-5245.3400039131,4668.88489650804,-9914.22490042114,-0.4316550252089117,-2158.2751260445584
1999-09-30,1999,MS,bubble,death_cross,0.8976426296892759,-1.0,-1000.0,-6245.3400039131,4668.88489650804,-10914.22490042114,-0.8976426296892759,-4488.21314844638
1999-10-01,1999,MS,bubble,death_cross,0.8769908598204195,-1.0,-1000.0,-7245.3400039131,4668.88489650804,-11914.22490042114,-0.8769908598204195,-4384.954299102097
1999-10-01,1999,SCHW,largecap,down_50_from_high,0.7516945253907013,-1.0,-1000.0,-8245.340003913101,4668.88489650804,-12914.22490042114,-0.7516945253907013,-3758.4726269535063
1999-10-01,1999,EBAY,bubble,death_cross,0.2733437722591942,-1.0,-1000.0,-9245.340003913101,4668.88489650804,-13914.22490042114,-0.2733437722591942,-1366.718861295971
1999-10-05,1999,MTCH,bubble,below_200sma,0.0852459975277919,-0.95,-950.0,-10195.340003913101,4668.88489650804,-14864.22490042114,-0.0852459975277919,-426.22998763895947
1999-10-07,1999,CCL,volatile,below_200sma,-0.4577811654151374,2.8148430451261452,2814.843045126145,-7380.496958786956,4668.88489650804,-12049.381855294996,0.4577811654151374,2288.9058270756873
2000-03-16,2000,REGN,bubble,down_50_from_high,0.1353209719364003,-0.95,-950.0,-8330.496958786956,4668.88489650804,-12999.381855294996,-0.1353209719364003,-676.6048596820015
2000-03-20,2000,MSTR,bubble,down_50_from_high,-0.6959654178674352,4.79971181556196,4799.711815561959,-3530.7851432249972,4668.88489650804,-8199.670039733037,0.6959654178674352,3479.827089337176
2000-04-03,2000,MSTR,bubble,down_50_from_high,-0.646677471636953,4.388978930307942,4388.9789303079415,858.1937870829443,4668.88489650804,-3810.6911094250954,0.646677471636953,3233.387358184765
2000-04-04,2000,REGN,bubble,down_50_from_high,0.3370786206925087,-1.0,-1000.0,-141.80621291705575,4668.88489650804,-4810.691109425095,-0.3370786206925087,-1685.3931034625436
2000-04-04,2000,BB,bubble,down_50_from_high,0.3439543480966605,-1.0,-1000.0,-1141.8062129170557,4668.88489650804,-5810.691109425095,-0.3439543480966605,-1719.7717404833024
2000-04-12,2000,BIIB,bubble,down_50_from_high,1.0421522447279283,-1.0,-1000.0,-2141.8062129170557,4668.88489650804,-6810.691109425095,-1.0421522447279283,-5210.761223639642
2000-04-14,2000,NVDA,bubble,down_50_from_high,0.8932520353321989,-1.0,-1000.0,-3141.8062129170557,4668.88489650804,-7810.691109425095,-0.8932520353321989,-4466.260176660994
2000-04-14,2000,FCEL,bubble,down_50_from_high,3.91941391941392,-1.0,-1000.0,-4141.806212917056,4668.88489650804,-8810.691109425095,-3.91941391941392,-19597.0695970696
2000-05-18,2000,QCOM,bubble,below_200sma,-0.1315278815212429,0.09606567934369084,96.06567934369085,-4045.7405335733647,4668.88489650804,-8714.625430081403,0.1315278815212429,657.6394076062145
2000-07-19,2000,REGN,bubble,down_50_from_high,0.2692308546796587,-1.0,-1000.0,-5045.740533573365,4668.88489650804,-9714.625430081403,-0.2692308546796587,-1346.1542733982933
2000-07-27,2000,AMAT,bubble,below_200sma,-0.3557612183183714,1.9646768193197615,1964.6768193197615,-3081.0637142536034,4668.88489650804,-7749.948610761643,0.3557612183183714,1778.8060915918568
2000-07-27,2000,BB,bubble,down_50_from_high,0.3011362838351064,-1.0,-1000.0,-4081.0637142536034,4668.88489650804,-8749.948610761643,-0.3011362838351064,-1505.6814191755318
2000-09-12,2000,AMD,bubble,below_200sma,-0.2150819497030289,0.7923495808585743,792.3495808585743,-3288.714133395029,4668.88489650804,-7957.599029903069,0.2150819497030289,1075.4097485151444
2000-10-02,2000,AMD,bubble,below_200sma,0.018494636781754,-0.8,-800.0,-4088.714133395029,4668.88489650804,-8757.59902990307,-0.018494636781754,-92.47318390877
2000-10-03,2000,ORCL,bubble,below_200sma,-0.6138128669168906,4.1151072243074225,4115.107224307422,26.39309091239329,4668.88489650804,-4642.491805595646,0.6138128669168906,3069.0643345844533
2000-10-11,2000,REGN,bubble,down_50_from_high,-0.0529031793679276,-0.5591401719339366,-559.1401719339366,-532.7470810215433,4668.88489650804,-5201.631977529583,0.0529031793679276,264.515896839638
2000-11-21,2000,NVDA,bubble,below_200sma,0.629101638452648,-1.0,-1000.0,-1532.7470810215432,4668.88489650804,-6201.631977529583,-0.629101638452648,-3145.50819226324
2001-01-05,2001,VRTX,bubble,below_200sma,-0.1915499734276334,0.5962497785636118,596.2497785636118,-936.4973024579314,4668.88489650804,-5605.382198965971,0.1915499734276334,957.749867138167
2001-01-05,2001,FCEL,bubble,below_200sma,-0.0370212612046887,-0.6914894899609274,-691.4894899609274,-1627.9867924188588,4668.88489650804,-6296.871688926898,0.0370212612046887,185.10630602344352
2001-02-02,2001,NVDA,bubble,below_200sma,0.8600503296826381,-1.0,-1000.0,-2627.986792418859,4668.88489650804,-7296.871688926898,-0.8600503296826381,-4300.25164841319
2001-04-16,2001,FCEL,bubble,below_200sma,-0.4142543481665633,2.4521195680546946,2452.1195680546944,-175.86722436416449,4668.88489650804,-4844.752120872205,0.4142543481665633,2071.2717408328167
2001-05-03,2001,BIIB,bubble,below_200sma,0.4525499856462496,-1.0,-1000.0,-1175.8672243641645,4668.88489650804,-5844.752120872205,-0.4525499856462496,-2262.749928231248
2002-07-26,2002,SSYS,bubble,death_cross,0.4486135938280304,-1.0,-1000.0,-2175.8672243641645,4668.88489650804,-6844.752120872205,-0.4486135938280304,-2243.067969140152
2003-10-06,2003,NVDA,bubble,below_200sma,0.5699679160170412,-1.0,-1000.0,-3175.8672243641645,4668.88489650804,-7844.752120872205,-0.5699679160170412,-2849.8395800852063
2003-12-16,2003,SSYS,bubble,below_200sma,0.2252116318053729,-1.0,-1000.0,-4175.867224364165,4668.88489650804,-8844.752120872205,-0.2252116318053729,-1126.0581590268646
2004-01-28,2004,SSYS,bubble,deep_oversold,0.0340594301129331,-0.8,-800.0,-4975.867224364165,4668.88489650804,-9644.752120872205,-0.0340594301129331,-170.29715056466551
2004-03-23,2004,MSTR,bubble,deep_oversold,-0.1421267308384836,0.18438942365403,184.38942365403,-4791.477800710135,4668.88489650804,-9460.362697218174,0.1421267308384836,710.633654192418
2004-04-01,2004,REGN,bubble,death_cross,-0.3510716790197904,1.9255973251649203,1925.5973251649202,-2865.8804755452147,4668.88489650804,-7534.765372053254,0.3510716790197904,1755.358395098952
2004-04-30,2004,NFLX,largecap,deep_oversold,-0.6265767851585775,4.221473209654813,4221.473209654813,1355.5927341095985,4668.88489650804,-3313.292162398441,0.6265767851585775,3132.8839257928876
2004-05-07,2004,CLF,bubble,below_200sma,0.9087632409054848,-1.0,-1000.0,355.5927341095985,4668.88489650804,-4313.292162398441,-0.9087632409054848,-4543.816204527424
2004-05-20,2004,AMD,bubble,below_200sma,0.5475686916038283,-1.0,-1000.0,-644.4072658904015,4668.88489650804,-5313.292162398441,-0.5475686916038283,-2737.8434580191415
2004-07-01,2004,AMD,bubble,death_cross,0.4161290814799647,-1.0,-1000.0,-1644.4072658904015,4668.88489650804,-6313.292162398441,-0.4161290814799647,-2080.6454073998234
2006-06-01,2006,REGN,bubble,below_200sma,0.6731517974334704,-1.0,-1000.0,-2644.4072658904015,4668.88489650804,-7313.292162398441,-0.6731517974334704,-3365.758987167352
2006-06-13,2006,VRTX,bubble,below_200sma,0.3814640174973933,-1.0,-1000.0,-3644.4072658904015,4668.88489650804,-8313.29216239844,-0.3814640174973933,-1907.3200874869665
2006-07-10,2006,NVAX,bubble,below_200sma,-0.1585903198447099,0.3215859987059158,321.5859987059158,-3322.821267184486,4668.88489650804,-7991.7061636925255,0.1585903198447099,792.9515992235495
2006-08-04,2006,VRTX,bubble,below_200sma,0.0254105882613007,-0.8,-800.0,-4122.821267184486,4668.88489650804,-8791.706163692525,-0.0254105882613007,-127.0529413065035
2008-09-04,2008,FSLR,bubble,deep_oversold,-0.542487261713741,3.5207271809478415,3520.7271809478416,-602.0940862366442,4668.88489650804,-5270.978982744684,0.542487261713741,2712.4363085687046
2008-09-10,2008,CLF,bubble,below_200sma,-0.8006305918995816,5.671921599163181,5671.921599163181,5069.827512926537,5069.827512926537,0.0,0.8006305918995816,4003.1529594979083
2009-11-20,2009,DHI,bubble,below_200sma,0.1778054764013839,-1.0,-1000.0,4069.8275129265367,5069.827512926537,-1000.0,-0.1778054764013839,-889.0273820069194
2009-11-20,2009,NVAX,bubble,down_50_from_high,-0.298780471494267,1.4898372624522251,1489.837262452225,5559.664775378762,5559.664775378762,0.0,0.298780471494267,1493.902357471335
2010-01-22,2010,GS,bubble,below_200sma,-0.0391900969939439,-0.6734158583838008,-673.4158583838008,4886.248916994961,5559.664775378762,-673.4158583838007,0.0391900969939439,195.9504849697195
2010-02-01,2010,DHI,bubble,death_cross,-0.0500060570228704,-0.5832828581427467,-583.2828581427467,4302.966058852215,5559.664775378762,-1256.6987165265473,0.0500060570228704,250.030285114352
2010-02-08,2010,BAC,bubble,below_200sma,-0.0381573930580617,-0.6820217245161524,-682.0217245161524,3620.944334336062,5559.664775378762,-1938.7204410426998,0.0381573930580617,190.7869652903085
2010-02-26,2010,NVAX,bubble,below_200sma,-0.0733944279869999,-0.38837976677500086,-388.37976677500086,3232.5645675610613,5559.664775378762,-2327.1002078177007,0.0733944279869999,366.97213993499946
2010-03-03,2010,AIG,bubble,death_cross,0.3637459570786221,-1.0,-1000.0,2232.5645675610613,5559.664775378762,-3327.1002078177007,-0.3637459570786221,-1818.7297853931107
2010-04-14,2010,NVAX,bubble,below_200sma,-0.131782934847778,0.09819112373148342,98.19112373148342,2330.7556912925447,5559.664775378762,-3228.9090840862173,0.131782934847778,658.91467423889
2010-06-16,2010,LEN,bubble,below_200sma,0.1152300237174031,-0.95,-950.0,1380.7556912925447,5559.664775378762,-4178.909084086217,-0.1152300237174031,-576.1501185870155
2010-06-23,2010,RCL,volatile,below_200sma,0.7086843069441804,-1.0,-1000.0,380.7556912925447,5559.664775378762,-5178.909084086217,-0.7086843069441804,-3543.421534720902
2010-06-29,2010,AMD,bubble,below_200sma,0.0815508197806076,-0.95,-950.0,-569.2443087074553,5559.664775378762,-6128.909084086217,-0.0815508197806076,-407.754098903038
2010-07-06,2010,AIG,bubble,deep_oversold,0.7220411181671327,-1.0,-1000.0,-1569.2443087074553,5559.664775378762,-7128.909084086217,-0.7220411181671327,-3610.2055908356633
2010-07-06,2010,CLF,bubble,below_200sma,0.847873924527877,-1.0,-1000.0,-2569.2443087074553,5559.664775378762,-8128.909084086217,-0.847873924527877,-4239.369622639385
2010-07-07,2010,AMD,bubble,deep_oversold,0.1867389196495821,-1.0,-1000.0,-3569.2443087074553,5559.664775378762,-9128.909084086217,-0.1867389196495821,-933.6945982479106
2010-07-08,2010,RCL,volatile,deep_oversold,0.987403129058237,-1.0,-1000.0,-4569.244308707455,5559.664775378762,-10128.909084086217,-0.987403129058237,-4937.015645291185
2011-08-04,2011,DDD,bubble,deep_oversold,0.1415451285790994,-0.95,-950.0,-5519.244308707455,5559.664775378762,-11078.909084086217,-0.1415451285790994,-707.725642895497
2011-11-16,2011,REGN,bubble,below_200sma,1.369530922092704,-1.0,-1000.0,-6519.244308707455,5559.664775378762,-12078.909084086217,-1.369530922092704,-6847.654610463521
2013-03-15,2013,DDD,bubble,below_200sma,0.7355967378320509,-1.0,-1000.0,-7519.244308707455,5559.664775378762,-13078.909084086217,-0.7355967378320509,-3677.9836891602545
2013-06-20,2013,PHM,bubble,deep_oversold,-0.0159335060145244,-0.8672207832122967,-867.2207832122966,-8386.465091919752,5559.664775378762,-13946.129867298514,0.0159335060145244,79.667530072622
2013-11-20,2013,ENPH,bubble,below_200sma,0.286764669789576,-1.0,-1000.0,-9386.465091919752,5559.664775378762,-14946.129867298514,-0.286764669789576,-1433.82334894788
2014-01-28,2014,ENPH,bubble,death_cross,0.3900135496402293,-1.0,-1000.0,-10386.465091919752,5559.664775378762,-15946.129867298514,-0.3900135496402293,-1950.0677482011463
2014-03-17,2014,DDD,bubble,below_200sma,-0.1858378074646572,0.5486483955388101,548.6483955388101,-9837.816696380942,5559.664775378762,-15397.481471759704,0.1858378074646572,929.189037323286
2014-04-28,2014,PLUG,bubble,down_50_from_high,-0.068669464657156,-0.4277544611903667,-427.75446119036667,-10265.571157571309,5559.664775378762,-15825.23593295007,0.068669464657156,343.34732328577996
2014-06-13,2014,NVAX,bubble,death_cross,0.3236607197976235,-1.0,-1000.0,-11265.571157571309,5559.664775378762,-16825.23593295007,-0.3236607197976235,-1618.3035989881175
2014-07-09,2014,PLUG,bubble,down_50_from_high,-0.2956120078390708,1.4634333986589236,1463.4333986589236,-9802.137758912384,5559.664775378762,-15361.802534291146,0.2956120078390708,1478.0600391953542
2014-10-01,2014,PLUG,bubble,down_50_from_high,-0.4195011266764989,2.495842722304158,2495.842722304158,-7306.295036608226,5559.664775378762,-12865.959811986988,0.4195011266764989,2097.5056333824946
2015-09-25,2015,NVAX,bubble,below_200sma,-0.3962920436645351,2.3024336972044592,2302.4336972044593,-5003.861339403767,5559.664775378762,-10563.52611478253,0.3962920436645351,1981.4602183226755
2016-11-16,2016,NEM,bubble,below_200sma,-0.0008471316372742,-0.9929405696893816,-992.9405696893816,-5996.801909093148,5559.664775378762,-11556.46668447191,0.0008471316372742,4.235658186371
2017-01-20,2017,NEM,bubble,below_200sma,-0.0156070378382315,-0.8699413513480708,-869.9413513480708,-6866.743260441219,5559.664775378762,-12426.40803581998,0.0156070378382315,78.0351891911575
2017-05-09,2017,CGC,bubble,deep_oversold,1.5294409965869566,-1.0,-1000.0,-7866.743260441219,5559.664775378762,-13426.40803581998,-1.5294409965869566,-7647.204982934783
2017-05-09,2017,CLF,bubble,below_200sma,0.0177993514323229,-0.8,-800.0,-8666.743260441219,5559.664775378762,-14226.40803581998,-0.0177993514323229,-88.99675716161451
2017-06-02,2017,ACB,bubble,deep_oversold,2.638568706810204,-1.0,-1000.0,-9666.743260441219,5559.664775378762,-15226.40803581998,-2.638568706810204,-13192.84353405102
2017-07-13,2017,CGC,bubble,death_cross,3.859314347647598,-1.0,-1000.0,-10666.743260441219,5559.664775378762,-16226.40803581998,-3.859314347647598,-19296.57173823799
2017-08-04,2017,ACB,bubble,death_cross,2.878947374265324,-1.0,-1000.0,-11666.743260441219,5559.664775378762,-17226.40803581998,-2.878947374265324,-14394.73687132662
2017-09-13,2017,AMD,bubble,below_200sma,-0.0621931433939831,-0.4817238050501408,-481.7238050501408,-12148.467065491359,5559.664775378762,-17708.13184087012,0.0621931433939831,310.9657169699155
2018-01-16,2018,RIOT,bubble,down_50_from_high,-0.6559081112919104,4.465900927432587,4465.900927432587,-7682.566138058772,5559.664775378762,-13242.230913437534,0.6559081112919104,3279.540556459552
2018-02-02,2018,PLUG,bubble,below_200sma,0.0051546341073744,-0.8,-800.0,-8482.566138058772,5559.664775378762,-14042.230913437534,-0.0051546341073744,-25.773170536872
2018-04-05,2018,RIOT,bubble,below_200sma,-0.5246537366301494,3.3721144719179117,3372.1144719179115,-5110.45166614086,5559.664775378762,-10670.116441519622,0.5246537366301494,2623.2686831507467
2018-04-09,2018,ACB,bubble,down_50_from_high,0.7577719414231245,-1.0,-1000.0,-6110.45166614086,5559.664775378762,-11670.116441519622,-0.7577719414231245,-3788.8597071156228
2018-07-16,2018,ACB,bubble,below_200sma,0.1841762222065048,-1.0,-1000.0,-7110.45166614086,5559.664775378762,-12670.116441519622,-0.1841762222065048,-920.881111032524
2018-08-01,2018,MTCH,bubble,deep_oversold,0.5554217716400662,-1.0,-1000.0,-8110.45166614086,5559.664775378762,-13670.116441519622,-0.5554217716400662,-2777.1088582003313
2018-08-13,2018,RIOT,bubble,down_50_from_high,-0.6855439816542057,4.712866513785047,4712.866513785048,-3397.585152355812,5559.664775378762,-8957.249927734574,0.6855439816542057,3427.7199082710285
2018-09-13,2018,ENPH,bubble,below_200sma,1.3585366588345194,-1.0,-1000.0,-4397.585152355812,5559.664775378762,-9957.249927734574,-1.3585366588345194,-6792.683294172597
2018-10-10,2018,ENPH,bubble,below_200sma,1.2933026513027457,-1.0,-1000.0,-5397.585152355812,5559.664775378762,-10957.249927734574,-1.2933026513027457,-6466.513256513728
2018-10-26,2018,ACB,bubble,deep_oversold,0.278409109381605,-1.0,-1000.0,-6397.585152355812,5559.664775378762,-11957.249927734574,-0.278409109381605,-1392.045546908025
2018-11-08,2018,ROKU,bubble,deep_oversold,0.8108875992903362,-1.0,-1000.0,-7397.585152355812,5559.664775378762,-12957.249927734574,-0.8108875992903362,-4054.4379964516806
2018-11-20,2018,CGC,bubble,below_200sma,0.3812189172162314,-1.0,-1000.0,-8397.585152355812,5559.664775378762,-13957.249927734574,-0.3812189172162314,-1906.094586081157
2018-12-24,2018,OKTA,bubble,below_200sma,1.227348859920058,-1.0,-1000.0,-9397.585152355812,5559.664775378762,-14957.249927734574,-1.227348859920058,-6136.74429960029
2019-01-02,2019,ENPH,bubble,below_200sma,2.855690857558664,-1.0,-1000.0,-10397.585152355812,5559.664775378762,-15957.249927734574,-2.855690857558664,-14278.45428779332
2019-02-11,2019,CGC,bubble,death_cross,-0.2345132350274995,0.9542769585624958,954.2769585624958,-9443.308193793317,5559.664775378762,-15002.972969172079,0.2345132350274995,1172.5661751374973
2019-06-03,2019,CRON,bubble,below_200sma,-0.49558174203854,3.1298478503211666,3129.847850321167,-6313.46034347215,5559.664775378762,-11873.125118850912,0.49558174203854,2477.9087101927
2019-07-12,2019,CRON,bubble,deep_oversold,-0.5231741523181318,3.3597846026510987,3359.784602651099,-2953.6757408210515,5559.664775378762,-8513.340516199813,0.5231741523181318,2615.870761590659
2019-12-23,2019,OKTA,bubble,death_cross,0.658226889633559,-1.0,-1000.0,-3953.6757408210515,5559.664775378762,-9513.340516199813,-0.658226889633559,-3291.134448167795
2020-02-21,2020,ROKU,bubble,below_200sma,0.2471938583947786,-1.0,-1000.0,-4953.6757408210515,5559.664775378762,-10513.340516199813,-0.2471938583947786,-1235.969291973893
2020-03-16,2020,SEDG,bubble,deep_oversold,1.4155682869787412,-1.0,-1000.0,-5953.6757408210515,5559.664775378762,-11513.340516199813,-1.4155682869787412,-7077.841434893706
2020-03-16,2020,ENPH,bubble,down_50_from_high,1.5315116915256608,-1.0,-1000.0,-6953.6757408210515,5559.664775378762,-12513.340516199813,-1.5315116915256608,-7657.558457628304
2020-04-01,2020,SEDG,bubble,below_200sma,2.023978774757177,-1.0,-1000.0,-7953.6757408210515,5559.664775378762,-13513.340516199813,-2.023978774757177,-10119.893873785886
2020-09-08,2020,NVAX,bubble,down_50_from_high,1.0220373336843815,-1.0,-1000.0,-8953.67574082105,5559.664775378762,-14513.340516199813,-1.0220373336843815,-5110.186668421908
2020-10-01,2020,FCEL,bubble,below_200sma,5.461904858785962,-1.0,-1000.0,-9953.67574082105,5559.664775378762,-15513.340516199813,-5.461904858785962,-27309.52429392981
2020-10-26,2020,NVAX,bubble,down_50_from_high,1.7954910957943069,-1.0,-1000.0,-10953.67574082105,5559.664775378762,-16513.340516199813,-1.7954910957943069,-8977.455478971535
2020-11-09,2020,TDOC,bubble,below_200sma,-0.2129452455685168,0.7745437130709734,774.5437130709734,-10179.132027750078,5559.664775378762,-15738.79680312884,0.2129452455685168,1064.726227842584
2020-11-13,2020,MARA,bubble,down_50_from_high,8.61924634394103,-1.0,-1000.0,-11179.132027750078,5559.664775378762,-16738.79680312884,-8.61924634394103,-43096.23171970515
2021-02-11,2021,GME,bubble,down_50_from_high,2.1771039325125536,-1.0,-1000.0,-12179.132027750078,5559.664775378762,-17738.79680312884,-2.1771039325125536,-10885.519662562769
2021-02-11,2021,BB,bubble,down_50_from_high,-0.1837881183661369,0.5315676530511408,531.5676530511408,-11647.564374698937,5559.664775378762,-17207.2291500777,0.1837881183661369,918.9405918306845
2021-03-03,2021,ZM,bubble,below_200sma,-0.1524431484254816,0.2703595702123467,270.3595702123467,-11377.20480448659,5559.664775378762,-16936.86957986535,0.1524431484254816,762.215742127408
2021-03-03,2021,DDD,bubble,down_50_from_high,0.1073117783739967,-0.95,-950.0,-12327.20480448659,5559.664775378762,-17886.86957986535,-0.1073117783739967,-536.5588918699835
2021-03-03,2021,DDOG,bubble,deep_oversold,0.5311111450195312,-1.0,-1000.0,-13327.20480448659,5559.664775378762,-18886.86957986535,-0.5311111450195312,-2655.555725097656
2021-03-04,2021,DOCU,bubble,below_200sma,0.4111670691822586,-1.0,-1000.0,-14327.20480448659,5559.664775378762,-19886.86957986535,-0.4111670691822586,-2055.835345911293
2021-03-04,2021,RUN,bubble,deep_oversold,-0.1201796778173133,0.0014973151442775289,1.4973151442775288,-14325.707489342312,5559.664775378762,-19885.372264721074,0.1201796778173133,600.8983890865665
2021-03-04,2021,NVAX,bubble,down_50_from_high,0.5943073233884508,-1.0,-1000.0,-15325.707489342312,5559.664775378762,-20885.372264721074,-0.5943073233884508,-2971.536616942254
2021-03-05,2021,MSTR,bubble,down_50_from_high,0.1216787226987963,-0.95,-950.0,-16275.707489342312,5559.664775378762,-21835.372264721074,-0.1216787226987963,-608.3936134939815
2021-03-05,2021,FCEL,bubble,down_50_from_high,-0.508045961421416,3.233716345178467,3233.716345178467,-13041.991144163845,5559.664775378762,-18601.65591954261,0.508045961421416,2540.22980710708
2021-03-08,2021,TLRY,bubble,down_50_from_high,-0.3938448004178267,2.2820400034818893,2282.0400034818895,-10759.951140681955,5559.664775378762,-16319.615916060717,0.3938448004178267,1969.2240020891336
2021-03-12,2021,OKTA,bubble,deep_oversold,0.118854606729247,-0.95,-950.0,-11709.951140681955,5559.664775378762,-17269.615916060717,-0.118854606729247,-594.273033646235
2021-03-16,2021,BYND,volatile,deep_oversold,-0.2063663260657552,0.7197193838812933,719.7193838812933,-10990.231756800662,5559.664775378762,-16549.896532179424,0.2063663260657552,1031.8316303287759
2021-03-18,2021,PLUG,bubble,down_50_from_high,-0.31325635604512,1.6104696337093332,1610.4696337093333,-9379.762123091328,5559.664775378762,-14939.42689847009,0.31325635604512,1566.2817802256
2021-03-18,2021,PTON,bubble,deep_oversold,0.0212186134952661,-0.8,-800.0,-10179.762123091328,5559.664775378762,-15739.42689847009,-0.0212186134952661,-106.0930674763305
2021-03-18,2021,FSLR,bubble,below_200sma,0.3308851965367798,-1.0,-1000.0,-11179.762123091328,5559.664775378762,-16739.42689847009,-0.3308851965367798,-1654.4259826838988
2021-03-25,2021,SHOP,bubble,below_200sma,0.3908146021472798,-1.0,-1000.0,-12179.762123091328,5559.664775378762,-17739.42689847009,-0.3908146021472798,-1954.073010736399
2021-04-01,2021,BB,bubble,down_50_from_high,0.1313952454236386,-0.95,-950.0,-13129.762123091328,5559.664775378762,-18689.42689847009,-0.1313952454236386,-656.9762271181929
2021-04-01,2021,BYND,volatile,deep_oversold,-0.1988126181748918,0.6567718181240983,656.7718181240983,-12472.99030496723,5559.664775378762,-18032.65508034599,0.1988126181748918,994.0630908744589
2021-04-01,2021,AMC,bubble,down_50_from_high,3.0662394477361605,-1.0,-1000.0,-13472.99030496723,5559.664775378762,-19032.65508034599,-3.0662394477361605,-15331.197238680803
2021-04-01,2021,TLRY,bubble,down_50_from_high,-0.4946284484761769,3.121903737301474,3121.9037373014744,-10351.086567665756,5559.664775378762,-15910.751343044518,0.4946284484761769,2473.1422423808845
2021-04-01,2021,PLUG,bubble,down_50_from_high,-0.2756664171498237,1.2972201429151977,1297.2201429151978,-9053.866424750559,5559.664775378762,-14613.53120012932,0.2756664171498237,1378.3320857491185
2021-04-01,2021,DOCU,bubble,below_200sma,0.2479034420187078,-1.0,-1000.0,-10053.866424750559,5559.664775378762,-15613.53120012932,-0.2479034420187078,-1239.517210093539
2021-04-01,2021,ZM,bubble,below_200sma,-0.1984183208363404,0.6534860069695033,653.4860069695034,-9400.380417781054,5559.664775378762,-14960.045193159816,0.1984183208363404,992.091604181702
2021-04-01,2021,DDD,bubble,down_50_from_high,0.0192236773541654,-0.8,-800.0,-10200.380417781054,5559.664775378762,-15760.045193159816,-0.0192236773541654,-96.118386770827
2021-04-05,2021,DDOG,bubble,below_200sma,0.7382268879704408,-1.0,-1000.0,-11200.380417781054,5559.664775378762,-16760.045193159815,-0.7382268879704408,-3691.1344398522037
2021-04-05,2021,FCEL,bubble,down_50_from_high,-0.5261606705861002,3.384672254884168,3384.672254884168,-7815.708162896886,5559.664775378762,-13375.372938275648,0.5261606705861002,2630.8033529305008
2021-04-05,2021,RUN,bubble,below_200sma,-0.1923495402411489,0.6029128353429075,602.9128353429076,-7212.7953275539785,5559.664775378762,-12772.46010293274,0.1923495402411489,961.7477012057444
2021-04-05,2021,SPCE,bubble,down_50_from_high,-0.1949324221224397,0.6244368510203309,624.4368510203309,-6588.358476533647,5559.664775378762,-12148.02325191241,0.1949324221224397,974.6621106121985
2021-04-08,2021,GME,bubble,down_50_from_high,0.0047575052479535,-0.8,-800.0,-7388.358476533647,5559.664775378762,-12948.02325191241,-0.0047575052479535,-23.7875262397675
2021-04-09,2021,FSLR,bubble,below_200sma,0.2249716856601309,-1.0,-1000.0,-8388.358476533647,5559.664775378762,-13948.02325191241,-0.2249716856601309,-1124.8584283006544
2021-04-19,2021,SEDG,bubble,below_200sma,0.2231070386663796,-1.0,-1000.0,-9388.358476533647,5559.664775378762,-14948.02325191241,-0.2231070386663796,-1115.535193331898
2021-04-20,2021,PTON,bubble,below_200sma,-0.1769952908368177,0.4749607569734809,474.9607569734809,-8913.397719560166,5559.664775378762,-14473.062494938928,0.1769952908368177,884.9764541840885
2021-04-20,2021,RIOT,bubble,down_50_from_high,-0.2271784705458588,0.8931539212154901,893.1539212154901,-8020.243798344675,5559.664775378762,-13579.908573723438,0.2271784705458588,1135.892352729294
2021-04-22,2021,MSTR,bubble,down_50_from_high,0.2674356599840806,-1.0,-1000.0,-9020.243798344676,5559.664775378762,-14579.908573723438,-0.2674356599840806,-1337.1782999204029
2021-05-03,2021,W,bubble,below_200sma,-0.1109286436745352,-0.07559463604553998,-75.59463604553999,-9095.838434390216,5559.664775378762,-14655.503209768978,0.1109286436745352,554.643218372676
2021-05-04,2021,ENPH,bubble,below_200sma,0.8738167515312205,-1.0,-1000.0,-10095.838434390216,5559.664775378762,-15655.503209768978,-0.8738167515312205,-4369.0837576561025
2021-05-06,2021,ZS,bubble,deep_oversold,0.9569763253992496,-1.0,-1000.0,-11095.838434390216,5559.664775378762,-16655.503209768976,-0.9569763253992496,-4784.881626996248
2021-05-06,2021,ETSY,bubble,below_200sma,0.5196601106513863,-1.0,-1000.0,-12095.838434390216,5559.664775378762,-17655.503209768976,-0.5196601106513863,-2598.3005532569314
2021-05-06,2021,PINS,bubble,below_200sma,-0.2455251708175279,1.0460430901460658,1046.0430901460659,-11049.79534424415,5559.664775378762,-16609.460119622912,0.2455251708175279,1227.6258540876395
2021-05-06,2021,ROKU,bubble,below_200sma,0.103737109388843,-0.95,-950.0,-11999.79534424415,5559.664775378762,-17559.460119622912,-0.103737109388843,-518.6855469442149
2021-05-07,2021,DKNG,volatile,deep_oversold,-0.0772407683849979,-0.3563269301250175,-356.3269301250175,-12356.122274369169,5559.664775378762,-17915.78704974793,0.0772407683849979,386.2038419249895
2021-05-10,2021,PENN,volatile,below_200sma,-0.2381892370294881,0.9849103085790676,984.9103085790675,-11371.211965790102,5559.664775378762,-16930.876741168864,0.2381892370294881,1190.9461851474405
2021-05-10,2021,MARA,bubble,down_50_from_high,1.2940330839291,-1.0,-1000.0,-12371.211965790102,5559.664775378762,-17930.876741168864,-1.2940330839291,-6470.1654196455
2021-05-10,2021,NIO,bubble,below_200sma,0.2318671325345545,-1.0,-1000.0,-13371.211965790102,5559.664775378762,-18930.876741168864,-0.2318671325345545,-1159.3356626727725
2021-05-11,2021,NVAX,bubble,below_200sma,0.2521349938006334,-1.0,-1000.0,-14371.211965790102,5559.664775378762,-19930.876741168864,-0.2521349938006334,-1260.674969003167
2021-05-11,2021,CVNA,volatile,deep_oversold,0.223838822686736,-1.0,-1000.0,-15371.211965790102,5559.664775378762,-20930.876741168864,-0.223838822686736,-1119.19411343368
2021-05-13,2021,TSLA,bubble,deep_oversold,0.8680578270427031,-1.0,-1000.0,-16371.211965790102,5559.664775378762,-21930.876741168864,-0.8680578270427031,-4340.289135213516
2021-07-01,2021,TLRY,bubble,down_50_from_high,-0.5919282200536418,3.9327351671136817,3932.7351671136817,-12438.47679867642,5559.664775378762,-17998.141574055182,0.5919282200536418,2959.641100268209
2021-07-01,2021,FCEL,bubble,deep_oversold,-0.3802325817965721,2.1686048483047675,2168.6048483047675,-10269.871950371653,5559.664775378762,-15829.536725750415,0.3802325817965721,1901.1629089828605
2021-07-01,2021,PENN,volatile,death_cross,-0.328358194792094,1.7363182899341167,1736.3182899341168,-8533.553660437536,5559.664775378762,-14093.218435816298,0.328358194792094,1641.79097396047
2021-07-01,2021,BB,bubble,down_50_from_high,-0.2202136637941505,0.8351138649512543,835.1138649512543,-7698.439795486282,5559.664775378762,-13258.104570865044,0.2202136637941505,1101.0683189707524
2021-07-08,2021,PLUG,bubble,below_200sma,-0.1193429257474866,-0.00547561877094494,-5.47561877094494,-7703.915414257226,5559.664775378762,-13263.580189635988,0.1193429257474866,596.714628737433
2021-07-08,2021,MSTR,bubble,down_50_from_high,-0.176799715569311,0.4733309630775918,473.33096307759183,-7230.584451179634,5559.664775378762,-12790.249226558397,0.176799715569311,883.998577846555
2021-07-08,2021,RIOT,bubble,down_50_from_high,-0.3641755706433941,2.0347964220282844,2034.7964220282843,-5195.78802915135,5559.664775378762,-10755.452804530112,0.3641755706433941,1820.8778532169706
2021-07-08,2021,MARA,bubble,down_50_from_high,0.0658510206339562,-0.95,-950.0,-6145.78802915135,5559.664775378762,-11705.452804530112,-0.0658510206339562,-329.255103169781
2021-07-13,2021,PINS,bubble,death_cross,-0.546526133876564,3.554384448971367,3554.384448971367,-2591.4035801799832,5559.664775378762,-8151.068355558746,0.546526133876564,2732.63066938282
2021-07-14,2021,GME,bubble,down_50_from_high,-0.2226464213850997,0.855386844875831,855.386844875831,-1736.0167353041522,5559.664775378762,-7295.681510682914,0.2226464213850997,1113.2321069254986
2021-07-14,2021,TSLA,bubble,death_cross,0.6290672432955957,-1.0,-1000.0,-2736.0167353041525,5559.664775378762,-8295.681510682914,-0.6290672432955957,-3145.3362164779787
2021-07-15,2021,ENPH,bubble,death_cross,-0.0968600348305483,-0.19283304307876417,-192.83304307876418,-2928.8497783829166,5559.664775378762,-8488.514553761679,0.0968600348305483,484.3001741527415
2021-07-15,2021,DDD,bubble,down_50_from_high,-0.2599926671643818,1.1666055597031817,1166.6055597031816,-1762.244218679735,5559.664775378762,-7321.908994058497,0.2599926671643818,1299.963335821909
2021-07-16,2021,NIO,bubble,below_200sma,-0.287850465290577,1.3987538774214752,1398.7538774214752,-363.49034125825983,5559.664775378762,-5923.155116637022,0.287850465290577,1439.252326452885
2021-07-19,2021,PTON,bubble,below_200sma,-0.7354555446848476,5.128796205707064,5128.7962057070645,4765.305864448805,5559.664775378762,-794.3589109299573,0.7354555446848476,3677.277723424238
2021-08-04,2021,AMC,bubble,down_50_from_high,-0.483243967485688,3.0270330623807333,3027.0330623807336,7792.338926829538,7792.338926829538,0.0,0.483243967485688,2416.21983742844
2021-08-13,2021,ROKU,bubble,deep_oversold,-0.5415419779067376,3.5128498158894805,3512.8498158894804,11305.188742719018,11305.188742719018,0.0,0.5415419779067376,2707.709889533688
2021-08-17,2021,QS,bubble,deep_oversold,-0.1344537506130764,0.12044792177563676,120.44792177563676,11425.636664494654,11425.636664494654,0.0,0.1344537506130764,672.268753065382
2021-08-19,2021,FCX,bubble,deep_oversold,0.340067767865799,-1.0,-1000.0,10425.636664494654,11425.636664494654,-1000.0,-0.340067767865799,-1700.338839328995
2021-09-08,2021,XPEV,bubble,below_200sma,-0.2702495964495136,1.252079970412613,1252.0799704126132,11677.716634907267,11677.716634907267,0.0,0.2702495964495136,1351.247982247568
2021-09-14,2021,GE,largecap,below_200sma,-0.0776466930511456,-0.3529442245737866,-352.9442245737866,11324.77241033348,11677.716634907267,-352.9442245737864,0.0776466930511456,388.23346525572805
2021-09-30,2021,PLTR,bubble,below_200sma,-0.4288685932050786,2.573904943375655,2573.904943375655,13898.677353709136,13898.677353709136,0.0,0.4288685932050786,2144.342966025393
2021-10-01,2021,DDD,bubble,deep_oversold,-0.3921214438580858,2.267678698817382,2267.6786988173817,16166.356052526517,16166.356052526517,0.0,0.3921214438580858,1960.607219290429
2021-10-01,2021,TLRY,bubble,down_50_from_high,-0.329147954692755,1.742899622439625,1742.8996224396249,17909.25567496614,17909.25567496614,0.0,0.329147954692755,1645.739773463775
2021-10-01,2021,RIOT,bubble,down_50_from_high,-0.2057471555841795,0.7145596298681626,714.5596298681626,18623.815304834305,18623.815304834305,0.0,0.2057471555841795,1028.7357779208976
2021-10-01,2021,MSTR,bubble,below_200sma,-0.1983476329985336,0.6528969416544468,652.8969416544468,19276.71224648875,19276.71224648875,0.0,0.1983476329985336,991.7381649926681
2021-10-01,2021,BB,bubble,down_50_from_high,-0.3041236976569205,1.534364147141004,1534.3641471410042,20811.076393629755,20811.076393629755,0.0,0.3041236976569205,1520.6184882846023
2021-10-01,2021,PLTR,bubble,below_200sma,-0.4315659692941171,2.596383077450976,2596.383077450976,23407.459471080732,23407.459471080732,0.0,0.4315659692941171,2157.8298464705854
2021-10-01,2021,FCX,bubble,below_200sma,0.5602049112410898,-1.0,-1000.0,22407.459471080732,23407.459471080732,-1000.0,-0.5602049112410898,-2801.0245562054492
2021-10-04,2021,GME,bubble,down_50_from_high,-0.0036764990696109,-0.9693625077532425,-969.3625077532425,21438.09696332749,23407.459471080732,-1969.3625077532415,0.0036764990696109,18.3824953480545
2021-10-04,2021,FCEL,bubble,down_50_from_high,0.0433333502875434,-0.8,-800.0,20638.09696332749,23407.459471080732,-2769.3625077532415,-0.0433333502875434,-216.66675143771698
2021-10-08,2021,LCID,bubble,below_200sma,-0.0671545669331732,-0.4403786088902233,-440.3786088902233,20197.718354437267,23407.459471080732,-3209.741116643465,0.0671545669331732,335.772834665866
2021-10-13,2021,LYFT,volatile,death_cross,-0.3463561581528726,1.886301317940605,1886.301317940605,22084.01967237787,23407.459471080732,-1323.4397987028606,0.3463561581528726,1731.7807907643628
2021-11-05,2021,MRNA,bubble,deep_oversold,-0.4269800417567612,2.5581670146396767,2558.167014639677,24642.186687017547,24642.186687017547,0.0,0.4269800417567612,2134.9002087838057
2021-11-05,2021,BNTX,bubble,below_200sma,-0.352289438447813,1.9357453203984418,1935.745320398442,26577.932007415988,26577.932007415988,0.0,0.352289438447813,1761.447192239065
2021-12-01,2021,AMC,bubble,deep_oversold,-0.5344767437264857,3.453972864387381,3453.972864387381,30031.90487180337,30031.90487180337,0.0,0.5344767437264857,2672.3837186324286
2021-12-13,2021,MARA,bubble,deep_oversold,-0.8116178059588595,5.763481716323829,5763.4817163238295,35795.3865881272,35795.3865881272,0.0,0.8116178059588595,4058.0890297942974
2021-12-16,2021,UPST,bubble,below_200sma,-0.7501422103089481,5.251185085907902,5251.185085907901,41046.5716740351,41046.5716740351,0.0,0.7501422103089481,3750.7110515447407
2022-01-03,2022,UPST,bubble,down_50_from_high,-0.7712567446778302,5.427139538981919,5427.139538981919,46473.71121301701,46473.71121301701,0.0,0.7712567446778302,3856.283723389151
2022-01-03,2022,MARA,bubble,below_200sma,-0.828215256910413,5.901793807586775,5901.793807586775,52375.505020603785,52375.505020603785,0.0,0.828215256910413,4141.076284552065
2022-01-03,2022,BNTX,bubble,deep_oversold,-0.299884121652193,1.4990343471016085,1499.0343471016085,53874.539367705394,53874.539367705394,0.0,0.299884121652193,1499.420608260965
2022-01-03,2022,MRNA,bubble,deep_oversold,-0.3211657286238845,1.6763810718657042,1676.3810718657041,55550.9204395711,55550.9204395711,0.0,0.3211657286238845,1605.8286431194224
2022-01-05,2022,GME,bubble,down_50_from_high,-0.006415721282998,-0.9465356559750167,-946.5356559750167,54604.384783596084,55550.9204395711,-946.5356559750144,0.006415721282998,32.07860641499
2022-01-05,2022,AMC,bubble,down_50_from_high,-0.3556043687757555,1.9633697397979628,1963.369739797963,56567.75452339405,56567.75452339405,0.0,0.3556043687757555,1778.0218438787776
2022-04-19,2022,AMC,bubble,down_50_from_high,-0.6514989431981784,4.42915785998482,4429.15785998482,60996.91238337887,60996.91238337887,0.0,0.6514989431981784,3257.494715990892
2022-07-14,2022,DVN,bubble,below_200sma,0.3015600339578734,-1.0,-1000.0,59996.91238337887,60996.91238337887,-1000.0,-0.3015600339578734,-1507.800169789367
2022-12-09,2022,OXY,bubble,deep_oversold,-0.0556239989000107,-0.5364666758332441,-536.4666758332442,59460.44570754562,60996.91238337887,-1536.466675833246,0.0556239989000107,278.1199945000535
2023-01-03,2023,OXY,bubble,deep_oversold,-0.0507603949626456,-0.5769967086446199,-576.99670864462,58883.448998901,60996.91238337887,-2113.4633844778655,0.0507603949626456,253.80197481322801
2023-10-02,2023,AI,bubble,deep_oversold,0.0255060381095966,-0.8,-800.0,58083.448998901,60996.91238337887,-2913.4633844778655,-0.0255060381095966,-127.53019054798301
2024-01-02,2024,CCL,volatile,death_cross,0.00925389467553,-0.8,-800.0,57283.448998901,60996.91238337887,-3713.4633844778655,-0.00925389467553,-46.26947337765
2024-01-03,2024,UPST,bubble,down_50_from_high,-0.333524853557164,1.7793737796430333,1779.3737796430332,59062.82277854404,60996.91238337887,-1934.0896048348295,0.333524853557164,1667.62426778582
2024-01-03,2024,AI,bubble,below_200sma,0.0843897092429795,-0.95,-950.0,58112.82277854404,60996.91238337887,-2884.0896048348295,-0.0843897092429795,-421.94854621489753
2024-01-12,2024,RIOT,bubble,deep_oversold,0.0826939731358145,-0.95,-950.0,57162.82277854404,60996.91238337887,-3834.0896048348295,-0.0826939731358145,-413.46986567907254
2024-05-02,2024,ZS,bubble,below_200sma,0.0250609417208889,-0.8,-800.0,56362.82277854404,60996.91238337887,-4634.0896048348295,-0.0250609417208889,-125.3047086044445
2024-05-22,2024,AFRM,bubble,below_200sma,1.0643579668972518,-1.0,-1000.0,55362.82277854404,60996.91238337887,-5634.0896048348295,-1.0643579668972518,-5321.789834486259
2024-07-08,2024,AFRM,bubble,below_200sma,1.3122556738879632,-1.0,-1000.0,54362.82277854404,60996.91238337887,-6634.0896048348295,-1.3122556738879632,-6561.278369439816
2024-08-07,2024,COIN,bubble,deep_oversold,0.5342350042805801,-1.0,-1000.0,53362.82277854404,60996.91238337887,-7634.0896048348295,-0.5342350042805801,-2671.1750214029007
2024-08-13,2024,SMCI,bubble,below_200sma,-0.2548860871551063,1.1240507262925525,1124.0507262925526,54486.87350483659,60996.91238337887,-6510.0388785422765,0.2548860871551063,1274.4304357755316
2024-09-06,2024,MSTR,bubble,below_200sma,1.2798774223994478,-1.0,-1000.0,53486.87350483659,60996.91238337887,-7510.0388785422765,-1.2798774223994478,-6399.387111997239
2024-10-03,2024,MARA,bubble,below_200sma,-0.2721396228492472,1.2678301904103935,1267.8301904103935,54754.703695246986,60996.91238337887,-6242.208688131883,0.2721396228492472,1360.698114246236
2024-10-09,2024,COIN,bubble,below_200sma,0.0510870139362449,-0.95,-950.0,53804.703695246986,60996.91238337887,-7192.208688131883,-0.0510870139362449,-255.43506968122452
2024-11-15,2024,ARM,bubble,deep_oversold,0.0133613087686537,-0.8,-800.0,53004.703695246986,60996.91238337887,-7992.208688131883,-0.0133613087686537,-66.8065438432685
