date,asset,action,price,signals,bubble_score,pnl_pct,reason
1983-07-27,NASDAQ,SHORT,315.0400085449219,"['broke_50sma', 'rsi_breakdown']",3.0,,
1984-01-25,NASDAQ,COVER,277.3500061035156,,,11.963560633293975,time_stop (126 days)
1986-09-12,NIKKEI,SHORT,18100.51953125,"['rsi_breakdown', 'momentum_flip']",3.0,,
1987-03-02,NIKKEI,COVER,20933.8203125,,,-15.65314617825412,stop_loss (-15.7%)
1987-04-28,NIKKEI,SHORT,22889.859375,"['rsi_breakdown', 'lower_high']",3.0,,
1987-08-04,FTSE,SHORT,2307.800048828125,"['broke_50sma', 'lower_high', 'momentum_flip']",3.0,,
1987-10-09,NIKKEI,COVER,26338.76953125,,,-15.06741522412695,stop_loss (-15.1%)
1987-10-20,FTSE,PARTIAL_COVER,1801.5999755859373,,,21.934312441809265,
1988-02-03,FTSE,COVER,1766.300048828125,,,23.46390452131967,time_stop (126 days)
1991-06-12,NASDAQ,SHORT,491.0499877929688,"['broke_50sma', 'momentum_flip']",3.0,,
1991-12-10,NASDAQ,COVER,534.22998046875,,,-8.793400620953944,time_stop (126 days)
1992-07-24,HANGSENG,SHORT,5772.7998046875,"['lower_high', 'momentum_flip']",3.0,,
1993-01-26,HANGSENG,COVER,5923.7001953125,,,-2.613989671051285,time_stop (126 days)
1993-11-05,HANGSENG,SHORT,8996.900390625,"['rsi_breakdown', 'lower_high']",3.0,,
1993-12-17,HANGSENG,COVER,10568.900390625,,,-17.472684277332494,stop_loss (-17.5%)
1994-01-13,HANGSENG,SHORT,10176.5,"['rsi_breakdown', 'lower_high']",3.0,,
1994-02-01,HANGSENG,COVER,11826.900390625,,,-16.21776043457967,stop_loss (-16.2%)
1994-02-16,HANGSENG,SHORT,10634.099609375,"['lower_high', 'momentum_flip']",3.0,,
1994-05-04,HANGSENG,PARTIAL_COVER,8369.400390625,,,21.296577067544543,
1994-08-18,HANGSENG,COVER,9518.900390625,,,10.487011215945756,time_stop (126 days)
1997-08-22,DAX,SHORT,4090.139892578125,"['broke_50sma', 'lower_high']",3.0,,
1998-02-24,DAX,COVER,4604.5498046875,,,-12.576829292387078,time_stop (126 days)
1998-04-27,DAX,SHORT,5002.7099609375,"['lower_high', 'momentum_flip']",3.0,,
1998-06-08,DAX,COVER,5787.0498046875,,,-15.678299359234007,stop_loss (-15.7%)
1998-07-27,DAX,SHORT,5854.35009765625,"['rsi_breakdown', 'momentum_flip']",3.0,,
1998-09-17,DAX,PARTIAL_COVER,4629.02978515625,,,20.930082623356412,
1999-01-25,DAX,COVER,4988.58984375,,,14.788323886759889,time_stop (126 days)
1999-02-09,NASDAQ,SHORT,2310.7900390625,"['lower_high', 'momentum_flip']",3.0,,
1999-05-18,HANGSENG,SHORT,12627.099609375,"['lower_high', 'momentum_flip']",3.0,,
1999-06-30,NASDAQ,COVER,2686.1201171875,,,-16.24250026096155,stop_loss (-16.2%)
1999-11-15,HANGSENG,COVER,14562.2197265625,,,-15.325135439264045,stop_loss (-15.3%)
2000-01-06,HANGSENG,SHORT,15153.23046875,"['broke_50sma', 'lower_high', 'momentum_flip']",3.0,,
2000-01-06,XLK,SHORT,18.672975540161133,"['rsi_breakdown', 'lower_high']",3.0,,
2000-01-12,NASDAQ,SHORT,3850.02001953125,"['rsi_breakdown', 'lower_high']",3.0,,
2000-02-10,NASDAQ,COVER,4485.6298828125,,,-16.509261252065834,stop_loss (-16.5%)
2000-02-24,PLATINUM,SHORT,468.0,"['rsi_breakdown', 'lower_high']",3.0,,
2000-03-03,XLK,COVER,21.822010040283203,,,-16.86412801938955,stop_loss (-16.9%)
2000-03-06,HANGSENG,COVER,17758.759765625,,,-17.1945467486177,stop_loss (-17.2%)
2000-03-15,NASDAQ,SHORT,4582.6201171875,"['rsi_breakdown', 'lower_high']",4.0,,
2000-03-20,RUSSELL2000,SHORT,549.2000122070312,"['rsi_breakdown', 'lower_high', 'momentum_flip']",3.0,,
2000-03-30,XLK,SHORT,22.142148971557617,"['rsi_breakdown', 'lower_high']",3.0,,
2000-04-03,DAX,SHORT,7429.22021484375,"['broke_50sma', 'lower_high']",4.0,,
2000-04-14,NASDAQ,PARTIAL_COVER,3321.2900390625,,,27.52421204180281,
2000-04-24,PLATINUM,COVER,565.2999877929688,,,-20.79059568225828,stop_loss (-20.8%)
2000-04-26,PLATINUM,SHORT,438.1000061035156,"['broke_50sma', 'rsi_breakdown', 'lower_high', 'momentum_flip']",6.0,,
2000-05-18,PLATINUM,COVER,505.7999877929688,,,-15.45308850633908,stop_loss (-15.5%)
2000-05-23,XLK,PARTIAL_COVER,17.136293411254883,,,22.607812668648084,
2000-06-13,PLATINUM,SHORT,541.0999755859375,"['rsi_breakdown', 'lower_high']",3.0,,
2000-09-13,NASDAQ,COVER,3893.889892578125,,,15.029179966854217,time_stop (126 days)
2000-09-18,RUSSELL2000,COVER,516.6799926757812,,,5.921343555795656,time_stop (126 days)
2000-09-28,XLK,COVER,18.06761741638184,,,18.401698771016576,time_stop (126 days)
2000-09-29,DAX,COVER,6798.1201171875,,,8.494836327442519,time_stop (126 days)
2000-12-13,PLATINUM,COVER,610.2000122070312,,,-12.770290101430485,time_stop (126 days)
2002-04-09,NATGAS,SHORT,3.200999975204468,"['rsi_breakdown', 'lower_high']",3.0,,
2002-04-30,NATGAS,COVER,3.765000104904175,,,-17.619498096487188,stop_loss (-17.6%)
2002-09-25,NATGAS,SHORT,3.49399995803833,"['lower_high', 'momentum_flip']",3.0,,
2002-09-26,WHEAT,SHORT,402.25,"['rsi_breakdown', 'lower_high']",3.0,,
2002-09-27,NATGAS,COVER,4.040999889373779,,,-15.655407495842006,stop_loss (-15.7%)
2002-11-01,NATGAS,SHORT,4.059999942779541,"['rsi_breakdown', 'lower_high']",3.0,,
2002-11-04,COFFEE,SHORT,65.25,"['rsi_breakdown', 'lower_high']",3.0,,
2002-12-03,COTTON,SHORT,45.70000076293945,"['lower_high', 'momentum_flip']",3.0,,
2002-12-11,NATGAS,COVER,4.709000110626221,,,-15.985226034322645,stop_loss (-16.0%)
2003-01-06,NATGAS,SHORT,4.934999942779541,"['rsi_breakdown', 'lower_high']",5.0,,
2003-01-10,WHEAT,PARTIAL_COVER,319.25,,,20.633934120571784,
2003-02-03,NATGAS,COVER,5.765999794006348,,,-16.838902955665738,stop_loss (-16.8%)
2003-02-11,COTTON,COVER,53.27000045776367,,,-16.564550478001593,stop_loss (-16.6%)
2003-03-03,SUGAR,SHORT,8.4399995803833,"['rsi_breakdown', 'lower_high', 'momentum_flip']",3.0,,
2003-03-11,CRUDE,SHORT,36.720001220703125,"['rsi_breakdown', 'lower_high']",3.0,,
2003-03-11,NATGAS,SHORT,5.943999767303467,"['broke_50sma', 'rsi_breakdown', 'lower_high', 'momentum_flip']",5.0,,
2003-03-20,CRUDE,PARTIAL_COVER,28.61000061035156,,,22.0860575728387,
2003-03-31,WHEAT,COVER,286.75,,,28.713486637663145,time_stop (126 days)
2003-04-08,COTTON,SHORT,56.970001220703125,"['lower_high', 'momentum_flip']",3.0,,
2003-05-08,SUGAR,PARTIAL_COVER,6.679999828338623,,,20.85307866762652,
2003-05-12,COFFEE,COVER,67.75,,,-3.8314176245210727,time_stop (126 days)
2003-07-24,NATGAS,PARTIAL_COVER,4.730999946594238,,,20.407131026176227,
2003-08-29,SUGAR,COVER,6.289999961853027,,,25.47393039600876,time_stop (126 days)
2003-09-09,CRUDE,COVER,29.18000030517578,,,20.533770873831596,time_stop (126 days)
2003-09-09,NATGAS,COVER,4.730000019073486,,,20.423953495218914,time_stop (126 days)
2003-09-29,COTTON,COVER,66.69999694824219,,,-17.07915660707963,stop_loss (-17.1%)
2003-09-30,NASDAQ,SHORT,1786.93994140625,"['lower_high', 'momentum_flip']",3.0,,
2003-11-11,COTTON,SHORT,75.94999694824219,"['rsi_breakdown', 'lower_high']",3.0,,
2003-12-30,NATGAS,SHORT,6.599999904632568,"['rsi_breakdown', 'lower_high']",3.0,,
2004-01-06,NASDAQ,COVER,2057.3701171875,,,-15.133702566882706,stop_loss (-15.1%)
2004-02-11,NATGAS,PARTIAL_COVER,5.260000228881836,,,20.30302568353343,
2004-03-08,COPPER,SHORT,1.2920000553131104,"['rsi_breakdown', 'lower_high']",4.0,,
2004-04-12,COTTON,PARTIAL_COVER,58.7599983215332,,,22.633310490352606,
2004-04-13,SILVER,SHORT,7.445000171661377,"['rsi_breakdown', 'lower_high']",4.0,,
2004-04-19,CORN,SHORT,311.25,"['lower_high', 'momentum_flip']",3.0,,
2004-04-28,SILVER,PARTIAL_COVER,5.867000102996826,,,21.19543361021058,
2004-05-18,COTTON,COVER,62.93999862670898,,,17.129689064239415,time_stop (126 days)
2004-06-16,SOYBEANS,SHORT,869.5,"['rsi_breakdown', 'lower_high']",3.0,,
2004-07-02,NATGAS,COVER,6.1479997634887695,,,6.848487085985229,time_stop (126 days)
2004-07-08,CORN,PARTIAL_COVER,244.5,,,21.44578313253012,
2004-07-21,COFFEE,SHORT,71.3499984741211,"['rsi_breakdown', 'lower_high']",3.0,,
2004-07-22,SOYBEANS,PARTIAL_COVER,657.5,,,24.381828637147787,
2004-09-07,COPPER,COVER,1.2730000019073486,,,1.470592305908001,time_stop (126 days)
2004-09-22,COFFEE,COVER,83.55000305175781,,,-17.098815470979588,stop_loss (-17.1%)
2004-10-12,SILVER,COVER,7.0329999923706055,,,5.533917660056041,time_stop (126 days)
2004-10-12,SOYBEANS,COVER,513.0,,,41.00057504312824,profit_target (41.0%)
2004-10-15,CORN,COVER,206.75,,,33.57429718875502,time_stop (126 days)
2004-11-01,SUGAR,SHORT,8.460000038146973,"['lower_high', 'momentum_flip']",3.0,,
2004-11-02,CRUDE,SHORT,49.619998931884766,"['lower_high', 'momentum_flip']",3.0,,
2004-11-09,NATGAS,SHORT,7.47100019454956,"['rsi_breakdown', 'lower_high']",3.0,,
2005-01-03,NATGAS,PARTIAL_COVER,5.789999961853027,,,22.500337155966076,
2005-01-06,COFFEE,SHORT,96.8000030517578,"['rsi_breakdown', 'lower_high']",3.0,,
2005-02-07,COFFEE,COVER,112.75,,,-16.477269055161013,stop_loss (-16.5%)
2005-03-24,COFFEE,SHORT,120.9000015258789,"['rsi_breakdown', 'lower_high', 'momentum_flip']",3.0,,
2005-03-24,XLE,SHORT,11.616726875305176,"['lower_high', 'momentum_flip']",3.0,,
2005-04-01,CRUDE,COVER,57.27000045776367,,,-15.417173902765194,stop_loss (-15.4%)
2005-05-05,SUGAR,COVER,8.229999542236328,,,2.718681972500587,time_stop (126 days)
2005-05-13,NATGAS,COVER,6.535999774932861,,,12.515063515843893,time_stop (126 days)
2005-07-19,COFFEE,PARTIAL_COVER,94.1500015258789,,,22.125723459378207,
2005-08-02,XLE,COVER,13.557778358459473,,,-16.70910837441295,stop_loss (-16.7%)
2005-09-09,CRUDE,SHORT,64.08000183105469,"['rsi_breakdown', 'lower_high', 'momentum_flip']",3.0,,
2005-09-22,COFFEE,COVER,91.3000030517578,,,24.483042266782075,time_stop (126 days)
2005-10-05,XLE,SHORT,13.796724319458008,"['broke_50sma', 'lower_high', 'momentum_flip']",3.0,,
2005-10-18,NATGAS,SHORT,13.42099952697754,"['rsi_breakdown', 'lower_high']",6.0,,
2006-01-03,NATGAS,PARTIAL_COVER,10.62600040435791,,,20.825566061614154,
2006-01-09,COPPER,SHORT,2.1670000553131104,"['rsi_breakdown', 'lower_high']",3.0,,
2006-01-23,XLE,COVER,15.898564338684082,,,-15.234340924401707,stop_loss (-15.2%)
2006-02-06,NATGAS,COVER,7.994999885559082,,,40.429176906769584,profit_target (40.4%)
2006-02-13,SUGAR,SHORT,17.75,"['rsi_breakdown', 'lower_high']",5.0,,
2006-03-14,CRUDE,COVER,63.09999847412109,,,1.529343522051318,time_stop (126 days)
2006-03-28,COPPER,COVER,2.49399995803833,,,-15.089981281886558,stop_loss (-15.1%)
2006-05-17,SILVER,SHORT,13.156999588012695,"['lower_high', 'momentum_flip']",4.0,,
2006-05-19,GOLD,SHORT,656.7000122070312,"['rsi_breakdown', 'lower_high']",3.0,,
2006-05-31,COPPER,SHORT,3.7165000438690186,"['rsi_breakdown', 'lower_high']",6.0,,
2006-06-08,PLATINUM,SHORT,1190.0999755859375,"['lower_high', 'momentum_flip']",3.0,,
2006-06-13,SILVER,PARTIAL_COVER,9.595000267028809,,,27.073036653654793,
2006-08-08,SUGAR,PARTIAL_COVER,13.989999771118164,,,21.18309988102443,
2006-08-14,SUGAR,COVER,12.5,,,29.577464788732392,time_stop (126 days)
2006-10-31,WHEAT,SHORT,483.0,"['rsi_breakdown', 'lower_high']",3.0,,
2006-11-13,SILVER,COVER,12.854999542236328,,,2.2953565040126516,time_stop (126 days)
2006-11-16,GOLD,COVER,620.5999755859375,,,5.497188358466613,time_stop (126 days)
2006-11-29,COPPER,COVER,3.128000020980835,,,15.834791226735264,time_stop (126 days)
2006-12-13,CORN,SHORT,354.5,"['lower_high', 'momentum_flip']",4.0,,
2007-01-17,CORN,COVER,408.0,,,-15.091678420310295,stop_loss (-15.1%)
2007-03-09,CORN,SHORT,408.25,"['rsi_breakdown', 'lower_high']",4.0,,
2007-05-03,WHEAT,COVER,481.0,,,0.4140786749482402,time_stop (126 days)
2007-07-03,CORN,PARTIAL_COVER,320.0,,,21.616656460502142,
2007-07-03,WHEAT,SHORT,571.5,"['rsi_breakdown', 'lower_high']",3.0,,
2007-07-23,SOYBEANS,SHORT,816.25,"['broke_50sma', 'rsi_breakdown', 'lower_high', 'momentum_flip']",3.0,,
2007-08-02,PLATINUM,COVER,1297.0,,,-8.982440686248314,time_stop (126 days)
2007-08-06,WHEAT,COVER,664.0,,,-16.185476815398076,stop_loss (-16.2%)
2007-09-07,CORN,COVER,331.25,,,18.86099203919167,time_stop (126 days)
2007-09-14,SOYBEANS,COVER,941.0,,,-15.283307810107196,stop_loss (-15.3%)
2007-10-05,SOYBEANS,SHORT,940.5,"['rsi_breakdown', 'lower_high']",3.0,,
2007-10-08,WHEAT,SHORT,860.0,"['rsi_breakdown', 'lower_high']",5.0,,
2007-11-05,HANGSENG,SHORT,28942.3203125,"['rsi_breakdown', 'lower_high']",3.0,,
2007-11-20,SOYBEANS,COVER,1087.0,,,-15.576820839978733,stop_loss (-15.6%)
2007-11-30,CRUDE,SHORT,88.70999908447266,"['broke_50sma', 'lower_high', 'momentum_flip']",3.0,,
2008-01-22,HANGSENG,PARTIAL_COVER,21757.630859375,,,24.824165359064107,
2008-01-23,SOYBEANS,SHORT,1189.5,"['rsi_breakdown', 'lower_high']",3.0,,
2008-02-05,WHEAT,COVER,1003.0,,,-16.627906976744185,stop_loss (-16.6%)
2008-02-13,CORN,SHORT,497.0,"['lower_high', 'momentum_flip']",3.0,,
2008-02-14,SOYBEANS,COVER,1368.0,,,-15.006305170239598,stop_loss (-15.0%)
2008-02-28,CRUDE,COVER,102.58999633789062,,,-15.646485623566479,stop_loss (-15.6%)
2008-02-29,WHEAT,SHORT,1073.0,"['rsi_breakdown', 'lower_high']",4.0,,
2008-03-07,SOYBEANS,SHORT,1341.0,"['rsi_breakdown', 'lower_high']",4.0,,
2008-03-10,PLATINUM,SHORT,2014.0999755859373,"['rsi_breakdown', 'lower_high']",4.0,,
2008-03-11,WHEAT,COVER,1240.0,,,-15.563839701770737,stop_loss (-15.6%)
2008-03-17,WHEAT,SHORT,1131.5,"['rsi_breakdown', 'lower_high']",4.0,,
2008-04-01,WHEAT,PARTIAL_COVER,895.0,,,20.901458241272646,
2008-04-01,CORN,COVER,584.0,,,-17.50503018108652,stop_loss (-17.5%)
2008-04-04,NATGAS,SHORT,9.321999549865724,"['lower_high', 'momentum_flip']",3.0,,
2008-04-21,NATGAS,COVER,10.732999801635742,,,-15.136240290746873,stop_loss (-15.1%)
2008-04-21,SUGAR,SHORT,11.829999923706056,"['lower_high', 'momentum_flip']",3.0,,
2008-05-13,HANGSENG,COVER,25552.76953125,,,11.711399585976094,time_stop (126 days)
2008-05-22,COTTON,SHORT,69.98999786376953,"['lower_high', 'momentum_flip']",3.0,,
2008-06-13,SOYBEANS,COVER,1560.0,,,-16.331096196868007,stop_loss (-16.3%)
2008-06-17,GOLD,SHORT,884.2999877929688,"['lower_high', 'momentum_flip']",3.0,,
2008-07-01,SUGAR,COVER,13.720000267028809,,,-15.976334366117731,stop_loss (-16.0%)
2008-07-08,NATGAS,SHORT,12.368000030517578,"['rsi_breakdown', 'lower_high', 'momentum_flip']",4.0,,
2008-07-23,NATGAS,PARTIAL_COVER,9.788000106811523,,,20.86028393709574,
2008-09-02,NATGAS,COVER,7.261000156402588,,,41.29204286476115,profit_target (41.3%)
2008-09-03,SOYBEANS,SHORT,1251.0,"['rsi_breakdown', 'lower_high']",3.0,,
2008-09-12,SOYBEANS,COVER,1490.0,,,-19.104716227018383,stop_loss (-19.1%)
2008-09-15,WHEAT,COVER,727.0,,,35.74900574458683,time_stop (126 days)
2008-09-18,CORN,SHORT,527.25,"['lower_high', 'momentum_flip']",4.0,,
2008-09-23,CRUDE,SHORT,106.61000061035156,"['broke_50sma', 'rsi_breakdown', 'lower_high']",3.0,,
2008-09-29,COTTON,PARTIAL_COVER,55.060001373291016,,,21.33161443944987,
2008-09-29,PLATINUM,COVER,1075.4000244140625,,,46.60642284645232,profit_target (46.6%)
2008-10-07,CORN,PARTIAL_COVER,417.0,,,20.910384068278805,
2008-10-07,SILVER,SHORT,11.324999809265137,"['rsi_breakdown', 'lower_high']",4.0,,
2008-10-10,CRUDE,PARTIAL_COVER,77.69999694824219,,,27.117534468246017,
2008-10-27,CRUDE,COVER,63.220001220703125,,,40.69974593493753,profit_target (40.7%)
2008-10-28,SILVER,PARTIAL_COVER,8.789999961853027,,,22.384104989902,
2008-11-10,COTTON,COVER,41.2400016784668,,,41.077292560091976,profit_target (41.1%)
2008-11-13,GOLD,PARTIAL_COVER,704.9000244140625,,,20.287228978330276,
2008-12-05,CORN,COVER,293.5,,,44.333807491702224,profit_target (44.3%)
2008-12-15,GOLD,COVER,835.4000244140625,,,5.529793515088756,time_stop (126 days)
2009-02-06,SILVER,COVER,13.154999732971191,,,-16.158939995821516,stop_loss (-16.2%)
2009-06-15,SILVER,SHORT,14.020000457763672,"['rsi_breakdown', 'lower_high']",3.0,,
2009-06-19,SOYBEANS,SHORT,1179.0,"['rsi_breakdown', 'lower_high']",3.0,,
2009-08-14,CRUDE,SHORT,67.51000213623047,"['broke_50sma', 'rsi_breakdown']",3.0,,
2009-09-02,HANGSENG,SHORT,19522.0,"['broke_50sma', 'lower_high']",3.0,,
2009-09-03,SILVER,COVER,16.26799964904785,,,-16.03423051273393,stop_loss (-16.0%)
2009-09-03,XLF,SHORT,8.544576644897461,"['lower_high', 'momentum_flip']",3.0,,
2009-09-09,SUGAR,SHORT,20.989999771118164,"['lower_high', 'momentum_flip']",4.0,,
2009-09-14,SOYBEANS,PARTIAL_COVER,925.0,,,21.54368108566582,
2009-10-01,SUGAR,COVER,24.63999938964844,,,-17.389231340309998,stop_loss (-17.4%)
2009-10-01,COPPER,SHORT,2.7255001068115234,"['broke_50sma', 'lower_high', 'momentum_flip']",3.0,,
2009-10-16,CRUDE,COVER,78.52999877929688,,,-16.323502139473824,stop_loss (-16.3%)
2009-10-23,HANGSENG,COVER,22589.73046875,,,-15.714222255660282,stop_loss (-15.7%)
2009-10-27,SUGAR,SHORT,22.649999618530277,"['broke_50sma', 'lower_high']",5.0,,
2009-10-28,SILVER,SHORT,16.231000900268555,"['broke_50sma', 'lower_high']",3.0,,
2009-11-25,COPPER,COVER,3.1659998893737797,,,-16.162163467224484,stop_loss (-16.2%)
2009-11-25,SILVER,COVER,18.766000747680664,,,-15.61825954535044,stop_loss (-15.6%)
2009-11-27,HANGSENG,SHORT,21134.5,"['broke_50sma', 'rsi_breakdown', 'lower_high', 'momentum_flip']",3.0,,
2009-12-02,NATGAS,SHORT,4.53000020980835,"['broke_50sma', 'lower_high']",3.0,,
2009-12-10,NATGAS,COVER,5.297999858856201,,,-16.953633851605126,stop_loss (-17.0%)
2009-12-16,SILVER,SHORT,17.679000854492188,"['lower_high', 'momentum_flip']",4.0,,
2009-12-17,SOYBEANS,COVER,1022.0,,,13.316369804919423,time_stop (126 days)
2009-12-17,SUGAR,COVER,26.43000030517578,,,-16.688745034472465,stop_loss (-16.7%)
2010-01-15,CRUDE,SHORT,78.0,"['rsi_breakdown', 'lower_high']",3.0,,
2010-01-20,NATGAS,SHORT,5.495999813079834,"['lower_high', 'momentum_flip']",3.0,,
2010-03-08,XLF,COVER,9.331002235412598,,,-9.20379818916791,time_stop (126 days)
2010-03-15,NATGAS,PARTIAL_COVER,4.390999794006348,,,20.105532326324248,
2010-04-09,COTTON,SHORT,78.06999969482422,"['broke_50sma', 'lower_high']",4.0,,
2010-06-03,HANGSENG,COVER,19786.7109375,,,6.377198715370602,time_stop (126 days)
2010-06-11,XLF,SHORT,8.898457527160645,"['rsi_breakdown', 'lower_high']",3.0,,
2010-06-18,SILVER,COVER,19.174999237060547,,,-8.462007524527214,time_stop (126 days)
2010-06-22,COPPER,SHORT,2.990499973297119,"['lower_high', 'momentum_flip']",3.0,,
2010-07-19,CRUDE,COVER,76.54000091552734,,,1.871793698041867,time_stop (126 days)
2010-07-21,NATGAS,COVER,4.513000011444092,,,17.88573207910812,time_stop (126 days)
2010-07-27,PLATINUM,SHORT,1534.5,"['broke_50sma', 'lower_high']",3.0,,
2010-08-11,SUGAR,SHORT,18.26000022888184,"['rsi_breakdown', 'lower_high']",5.0,,
2010-09-01,COTTON,COVER,90.12999725341795,,,-15.447672096498385,stop_loss (-15.4%)
2010-09-01,COPPER,COVER,3.4684998989105225,,,-15.983946827673554,stop_loss (-16.0%)
2010-09-07,SUGAR,COVER,21.450000762939453,,,-17.469882223834755,stop_loss (-17.5%)
2010-09-22,COFFEE,SHORT,179.9499969482422,"['rsi_breakdown', 'momentum_flip']",3.0,,
2010-09-29,WHEAT,SHORT,683.5,"['rsi_breakdown', 'lower_high']",3.0,,
2010-10-01,CORN,SHORT,465.75,"['rsi_breakdown', 'lower_high']",3.0,,
2010-10-11,CORN,COVER,555.75,,,-19.32367149758454,stop_loss (-19.3%)
2010-11-05,PLATINUM,COVER,1769.9000244140625,,,-15.340503383125611,stop_loss (-15.3%)
2010-11-08,COFFEE,COVER,208.1000061035156,,,-15.643239584699748,stop_loss (-15.6%)
2010-11-12,CORN,SHORT,534.0,"['rsi_breakdown', 'lower_high']",3.0,,
2010-11-12,COFFEE,SHORT,200.4499969482422,"['rsi_breakdown', 'lower_high']",3.0,,
2010-11-12,SUGAR,SHORT,26.209999084472656,"['broke_50sma', 'rsi_breakdown', 'lower_high', 'momentum_flip']",3.0,,
2010-12-09,XLF,COVER,9.620882987976074,,,-8.118547047175086,time_stop (126 days)
2010-12-09,SILVER,SHORT,28.78899955749512,"['lower_high', 'momentum_flip']",4.0,,
2010-12-13,SUGAR,COVER,30.489999771118164,,,-16.329648363784447,stop_loss (-16.3%)
2010-12-21,COFFEE,COVER,233.8500061035156,,,-16.662514174992758,stop_loss (-16.7%)
2010-12-27,CORN,COVER,615.25,,,-15.215355805243448,stop_loss (-15.2%)
2010-12-28,WHEAT,COVER,798.25,,,-16.788588149231895,stop_loss (-16.8%)
2011-01-04,COTTON,SHORT,143.77999877929688,"['rsi_breakdown', 'lower_high']",4.0,,
2011-01-06,SUGAR,SHORT,30.239999771118164,"['rsi_breakdown', 'lower_high']",3.0,,
2011-01-10,WHEAT,SHORT,767.25,"['rsi_breakdown', 'lower_high']",3.0,,
2011-01-26,COTTON,COVER,166.8300018310547,,,-16.03143917614,stop_loss (-16.0%)
2011-02-02,SUGAR,COVER,35.310001373291016,,,-16.765878440961977,stop_loss (-16.8%)
2011-02-08,SUGAR,SHORT,31.15999984741211,"['broke_50sma', 'rsi_breakdown', 'lower_high', 'momentum_flip']",3.0,,
2011-02-09,WHEAT,COVER,886.0,,,-15.477354187031606,stop_loss (-15.5%)
2011-02-15,SOYBEANS,SHORT,1368.0,"['broke_50sma', 'rsi_breakdown']",3.0,,
2011-02-23,SILVER,COVER,33.301998138427734,,,-15.676121609990679,stop_loss (-15.7%)
2011-02-23,COPPER,SHORT,4.273499965667725,"['lower_high', 'momentum_flip']",3.0,,
2011-03-10,CORN,SHORT,676.25,"['rsi_breakdown', 'lower_high']",3.0,,
2011-03-10,COTTON,SHORT,200.97999572753903,"['rsi_breakdown', 'lower_high']",6.0,,
2011-04-13,SUGAR,PARTIAL_COVER,24.790000915527344,,,20.44287215365248,
2011-05-06,COTTON,PARTIAL_COVER,153.8000030517578,,,23.47496948887458,
2011-06-09,CORN,COVER,785.5,,,-16.155268022181147,stop_loss (-16.2%)
2011-06-10,XLE,SHORT,22.119773864746094,"['rsi_breakdown', 'lower_high']",3.0,,
2011-07-08,COTTON,COVER,116.58000183105467,,,41.994226137263055,profit_target (42.0%)
2011-07-08,COFFEE,SHORT,263.1499938964844,"['lower_high', 'momentum_flip']",4.0,,
2011-08-09,SUGAR,COVER,27.489999771118164,,,11.77792071330432,time_stop (126 days)
2011-08-09,CORN,SHORT,678.25,"['lower_high', 'momentum_flip']",4.0,,
2011-08-16,SOYBEANS,COVER,1340.0,,,2.046783625730994,time_stop (126 days)
2011-08-16,SILVER,SHORT,39.82099914550781,"['lower_high', 'momentum_flip']",3.0,,
2011-08-23,COPPER,COVER,3.994499921798706,,,6.528607607591859,time_stop (126 days)
2011-09-09,WHEAT,SHORT,701.0,"['rsi_breakdown', 'lower_high']",3.0,,
2011-09-23,SILVER,PARTIAL_COVER,30.051000595092773,,,24.534790085791176,
2011-10-03,XLE,PARTIAL_COVER,17.17914390563965,,,22.33580681844442,
2011-12-08,XLE,COVER,20.859947204589844,,,5.695477123136997,time_stop (126 days)
2011-12-12,GOLD,SHORT,1664.199951171875,"['broke_50sma', 'lower_high']",3.0,,
2012-01-06,COFFEE,COVER,221.75,,,15.732470019653483,time_stop (126 days)
2012-02-08,CORN,COVER,642.5,,,5.270917803169923,time_stop (126 days)
2012-02-15,SILVER,COVER,33.38600158691406,,,16.159809388709622,time_stop (126 days)
2012-03-12,WHEAT,COVER,652.75,,,6.8830242510699,time_stop (126 days)
2012-06-13,GOLD,COVER,1618.0999755859375,,,2.7700983618870683,time_stop (126 days)
2012-08-14,WHEAT,SHORT,839.75,"['lower_high', 'momentum_flip']",3.0,,
2012-10-26,NATGAS,SHORT,3.400000095367432,"['rsi_breakdown', 'lower_high']",3.0,,
2013-02-15,WHEAT,COVER,742.25,,,11.610598392378684,time_stop (126 days)
2013-03-19,NATGAS,COVER,3.9690001010894775,,,-16.73529381653016,stop_loss (-16.7%)
2013-05-06,NATGAS,SHORT,4.011000156402588,"['lower_high', 'momentum_flip']",3.0,,
2013-05-27,NIKKEI,SHORT,14142.650390625,"['rsi_breakdown', 'lower_high']",4.0,,
2013-11-01,NATGAS,COVER,3.513000011444092,,,12.415859524801059,time_stop (126 days)
2013-11-26,NIKKEI,COVER,15515.240234375,,,-9.705322593987574,time_stop (126 days)
2014-02-25,NATGAS,SHORT,5.0960001945495605,"['rsi_breakdown', 'lower_high', 'momentum_flip']",4.0,,
2014-03-20,COFFEE,SHORT,174.14999389648438,"['rsi_breakdown', 'lower_high']",3.0,,
2014-04-10,COFFEE,COVER,206.1000061035156,,,-18.346260882456573,stop_loss (-18.3%)
2014-05-01,COFFEE,SHORT,201.4499969482422,"['rsi_breakdown', 'lower_high']",3.0,,
2014-07-10,COFFEE,PARTIAL_COVER,160.25,,,20.451723788721402,
2014-07-17,NATGAS,PARTIAL_COVER,3.953999996185303,,,22.40973616103246,
2014-08-25,NATGAS,COVER,3.937000036239624,,,22.743330338753676,time_stop (126 days)
2014-10-30,COFFEE,COVER,187.6000061035156,,,6.875150684804934,time_stop (126 days)
2015-11-15,BTC,SHORT,320.1659851074219,"['rsi_breakdown', 'lower_high']",4.0,,
2015-11-29,BTC,COVER,371.29400634765625,,,-15.969223346159003,stop_loss (-16.0%)
2015-12-26,BTC,SHORT,417.2739868164063,"['rsi_breakdown', 'lower_high']",4.0,,
2016-04-30,BTC,COVER,448.3179931640625,,,-7.439717626422528,time_stop (126 days)
2016-05-19,BTC,SHORT,438.7149963378906,"['broke_50sma', 'rsi_breakdown', 'momentum_flip']",3.0,,
2016-05-28,BTC,COVER,530.0399780273438,,,-20.816471388435563,stop_loss (-20.8%)
2016-06-26,BTC,SHORT,629.3670043945312,"['rsi_breakdown', 'lower_high']",4.0,,
2016-07-08,SUGAR,SHORT,19.56999969482422,"['rsi_breakdown', 'lower_high', 'momentum_flip']",3.0,,
2016-07-19,NATGAS,SHORT,2.7279999256134038,"['rsi_breakdown', 'lower_high']",3.0,,
2016-09-26,SUGAR,COVER,22.540000915527344,,,-15.17629671444817,stop_loss (-15.2%)
2016-10-07,NATGAS,COVER,3.193000078201294,,,-17.045460603644727,stop_loss (-17.0%)
2016-10-21,NATGAS,SHORT,2.993000030517578,"['lower_high', 'momentum_flip']",3.0,,
2016-10-27,SUGAR,SHORT,22.59000015258789,"['lower_high', 'momentum_flip']",3.0,,
2016-10-30,BTC,COVER,701.864013671875,,,-11.519035597852465,time_stop (126 days)
2016-12-01,NATGAS,COVER,3.505000114440918,,,-17.106584654287488,stop_loss (-17.1%)
2016-12-14,SUGAR,PARTIAL_COVER,18.030000686645508,,,20.18592047428558,
2016-12-20,NATGAS,SHORT,3.263000011444092,"['rsi_breakdown', 'lower_high']",3.0,,
2016-12-27,NATGAS,COVER,3.760999917984009,,,-15.262025890080194,stop_loss (-15.3%)
2017-01-06,BTC,SHORT,902.2009887695312,"['rsi_breakdown', 'lower_high']",4.0,,
2017-01-11,NATGAS,SHORT,3.2239999771118164,"['broke_50sma', 'lower_high']",3.0,,
2017-02-04,BTC,COVER,1042.9000244140625,,,-15.595087723903289,stop_loss (-15.6%)
2017-02-21,NATGAS,PARTIAL_COVER,2.563999891281128,,,20.471466827426656,
2017-03-17,BTC,SHORT,1100.22998046875,"['broke_50sma', 'lower_high', 'momentum_flip']",4.0,,
2017-04-25,BTC,COVER,1265.489990234375,,,-15.020496868774327,stop_loss (-15.0%)
2017-05-02,SUGAR,COVER,15.880000114440918,,,29.70340855610079,time_stop (126 days)
2017-06-19,BTC,SHORT,2589.60009765625,"['rsi_breakdown', 'lower_high']",6.0,,
2017-07-13,NATGAS,COVER,2.9609999656677246,,,8.157568651092156,time_stop (126 days)
2017-07-15,BTC,PARTIAL_COVER,1998.8599853515625,,,22.812020776464454,
2017-08-05,BTC,COVER,3252.909912109375,,,-25.614372468299713,stop_loss (-25.6%)
2017-09-04,BTC,SHORT,4236.31005859375,"['lower_high', 'momentum_flip']",6.0,,
2017-09-14,BTC,PARTIAL_COVER,3154.949951171875,,,25.52599060185019,
2017-10-12,BTC,COVER,5446.91015625,,,-28.576758568472453,stop_loss (-28.6%)
2017-10-28,BTC,SHORT,5753.08984375,"['rsi_breakdown', 'lower_high']",6.0,,
2017-11-01,BTC,COVER,6767.31005859375,,,-17.62913916502749,stop_loss (-17.6%)
2017-11-12,BTC,SHORT,5950.06982421875,"['rsi_breakdown', 'lower_high', 'momentum_flip']",6.0,,
2017-11-15,BTC,COVER,7315.5400390625,,,-22.948809933050452,stop_loss (-22.9%)
2017-12-21,BTC,SHORT,15802.900390625,"['rsi_breakdown', 'lower_high']",6.0,,
2018-01-16,BTC,PARTIAL_COVER,11490.5,,,27.28866400488933,
2018-02-01,BTC,COVER,9170.5400390625,,,41.96925999417878,profit_target (42.0%)
2018-02-28,BTC,SHORT,10397.900390625,"['broke_50sma', 'lower_high']",4.0,,
2018-03-14,BTC,PARTIAL_COVER,8269.8095703125,,,20.46654363251295,
2018-06-22,BTC,COVER,6083.68994140625,,,41.49116924709672,profit_target (41.5%)
2018-12-11,NATGAS,SHORT,4.4070000648498535,"['rsi_breakdown', 'lower_high']",3.0,,
2018-12-24,NATGAS,PARTIAL_COVER,3.4670000076293945,,,21.329703730160592,
2019-02-07,NATGAS,COVER,2.5510001182556152,,,42.11481550448927,profit_target (42.1%)
2019-06-04,BTC,SHORT,7707.77099609375,"['rsi_breakdown', 'lower_high', 'momentum_flip']",4.0,,
2019-06-04,ETH,SHORT,241.3387908935547,"['rsi_breakdown', 'lower_high']",4.0,,
2019-06-16,BTC,COVER,8994.48828125,,,-16.693766405467294,stop_loss (-16.7%)
2019-06-21,ETH,COVER,294.9102783203125,,,-22.197628167610297,stop_loss (-22.2%)
2019-07-05,ETH,SHORT,287.9975280761719,"['rsi_breakdown', 'lower_high']",4.0,,
2019-07-12,BTC,SHORT,11815.986328125,"['rsi_breakdown', 'lower_high']",5.0,,
2019-07-14,ETH,PARTIAL_COVER,227.57806396484372,,,20.979160659791475,
2019-08-29,ETH,COVER,169.51673889160156,,,41.139516014607445,profit_target (41.1%)
2019-09-24,BTC,PARTIAL_COVER,8620.56640625,,,27.043192444029003,
2019-11-15,BTC,COVER,8491.9921875,,,28.131330286944085,time_stop (126 days)
2019-11-15,BTC,SHORT,8491.9921875,"['broke_50sma', 'lower_high', 'momentum_flip']",3.0,,
2019-12-17,BTC,PARTIAL_COVER,6640.51513671875,,,21.802623105407207,
2020-02-07,BTC,COVER,9795.943359375,,,-15.355067963844615,stop_loss (-15.4%)
2020-02-26,ETH,SHORT,225.6802673339844,"['rsi_breakdown', 'lower_high']",3.0,,
2020-03-12,ETH,COVER,112.3471221923828,,,50.21845572961848,profit_target (50.2%)
2020-05-10,ETH,SHORT,188.5995635986328,"['rsi_breakdown', 'lower_high']",3.0,,
2020-05-28,ETH,COVER,219.8404235839844,,,-16.564651258598172,stop_loss (-16.6%)
2020-06-13,ETH,SHORT,238.90884399414065,"['rsi_breakdown', 'lower_high']",3.0,,
2020-07-24,ETH,COVER,279.2154235839844,,,-16.871112394161624,stop_loss (-16.9%)
2020-08-22,BTC,SHORT,11681.8251953125,"['lower_high', 'momentum_flip']",4.0,,
2020-08-25,SILVER,SHORT,26.253999710083008,"['rsi_breakdown', 'lower_high']",3.0,,
2020-08-25,ETH,SHORT,384.00103759765625,"['lower_high', 'momentum_flip']",6.0,,
2020-09-01,ETH,COVER,477.0519104003906,,,-24.23193264915863,stop_loss (-24.2%)
2020-09-03,ETH,SHORT,385.67193603515625,"['rsi_breakdown', 'lower_high', 'momentum_flip']",6.0,,
2020-09-10,NASDAQ,SHORT,10919.58984375,"['broke_50sma', 'lower_high']",3.0,,
2020-09-10,XLK,SHORT,54.48787689208984,"['rsi_breakdown', 'lower_high']",3.0,,
2020-10-27,BTC,COVER,13654.21875,,,-16.884292665832316,stop_loss (-16.9%)
2020-11-06,ETH,COVER,454.7192993164063,,,-17.90313394100731,stop_loss (-17.9%)
2020-11-13,NATGAS,SHORT,2.994999885559082,"['rsi_breakdown', 'lower_high']",3.0,,
2020-12-07,ETH,SHORT,591.8433837890625,"['rsi_breakdown', 'lower_high']",6.0,,
2020-12-08,NASDAQ,COVER,12582.76953125,,,-15.231155302522165,stop_loss (-15.2%)
2020-12-11,BTC,SHORT,18058.904296875,"['lower_high', 'momentum_flip']",6.0,,
2020-12-16,BTC,COVER,21310.59765625,,,-18.006039048214507,stop_loss (-18.0%)
2020-12-27,ETH,COVER,682.642333984375,,,-15.34171922544866,stop_loss (-15.3%)
2020-12-28,NATGAS,PARTIAL_COVER,2.305000066757202,,,23.038392159172865,
2020-12-28,XLK,COVER,62.7612190246582,,,-15.183821804900296,stop_loss (-15.2%)
2021-01-20,BTC,SHORT,35547.75,"['rsi_breakdown', 'lower_high']",6.0,,
2021-01-23,ETH,SHORT,1230.9906005859375,"['rsi_breakdown', 'lower_high']",6.0,,
2021-02-02,ETH,COVER,1515.1937255859375,,,-23.087351346527143,stop_loss (-23.1%)
2021-02-08,BTC,COVER,46196.46484375,,,-29.95608679522614,stop_loss (-30.0%)
2021-02-10,SOYBEANS,SHORT,1354.0,"['rsi_breakdown', 'momentum_flip']",4.0,,
2021-02-23,ETH,SHORT,1570.2039794921875,"['rsi_breakdown', 'lower_high']",6.0,,
2021-02-25,SILVER,COVER,27.636999130249023,,,-5.267766570572736,time_stop (126 days)
2021-02-25,BTC,SHORT,47093.8515625,"['rsi_breakdown', 'lower_high']",6.0,,
2021-03-08,ETH,COVER,1834.7279052734373,,,-16.846468945187507,stop_loss (-16.8%)
2021-03-09,BTC,COVER,54824.1171875,,,-16.414596318886503,stop_loss (-16.4%)
2021-03-10,CORN,SHORT,547.75,"['rsi_breakdown', 'momentum_flip']",3.0,,
2021-03-10,ETH,SHORT,1799.166259765625,"['lower_high', 'momentum_flip']",6.0,,
2021-03-18,CRUDE,SHORT,60.0,"['rsi_breakdown', 'momentum_flip']",4.0,,
2021-04-02,ETH,COVER,2143.2255859375,,,-19.12326469576498,stop_loss (-19.1%)
2021-04-03,BTC,SHORT,57603.890625,"['rsi_breakdown', 'momentum_flip']",6.0,,
2021-04-22,CORN,COVER,650.5,,,-18.758557736193517,stop_loss (-18.8%)
2021-04-22,PLATINUM,SHORT,1206.0,"['rsi_breakdown', 'lower_high']",3.0,,
2021-04-26,SOYBEANS,COVER,1569.0,,,-15.878877400295421,stop_loss (-15.9%)
2021-05-05,RUSSELL2000,SHORT,2241.3701171875,"['broke_50sma', 'rsi_breakdown']",4.0,,
2021-05-17,BTC,PARTIAL_COVER,43537.51171875,,,24.4191473069446,
2021-05-18,NATGAS,COVER,3.01200008392334,,,-0.5676193326826907,time_stop (126 days)
2021-05-19,SOYBEANS,SHORT,1538.25,"['rsi_breakdown', 'lower_high']",3.0,,
2021-06-04,CRUDE,COVER,69.62000274658203,,,-16.03333791097005,stop_loss (-16.0%)
2021-06-07,BTC,COVER,33560.70703125,,,41.73881891115753,profit_target (41.7%)
2021-06-07,ETH,SHORT,2590.26318359375,"['rsi_breakdown', 'lower_high']",4.0,,
2021-06-15,COPPER,SHORT,4.340000152587891,"['broke_50sma', 'lower_high']",3.0,,
2021-06-21,ETH,PARTIAL_COVER,1888.447509765625,,,27.094377060728664,
2021-08-07,ETH,COVER,3157.23876953125,,,-21.8887250349161,stop_loss (-21.9%)
2021-08-11,COFFEE,SHORT,183.8500061035156,"['rsi_breakdown', 'lower_high']",4.0,,
2021-09-10,PLATINUM,PARTIAL_COVER,956.7000122070312,,,20.67164077885313,
2021-10-11,SOYBEANS,PARTIAL_COVER,1228.25,,,20.152771006013324,
2021-10-12,COFFEE,COVER,213.1499938964844,,,-15.936897916920184,stop_loss (-15.9%)
2021-10-12,CORN,SHORT,522.5,"['rsi_breakdown', 'lower_high']",4.0,,
2021-10-20,PLATINUM,COVER,1050.199951171875,,,12.91874368392413,time_stop (126 days)
2021-10-28,COFFEE,SHORT,199.9499969482422,"['rsi_breakdown', 'lower_high']",3.0,,
2021-11-02,RUSSELL2000,COVER,2361.860107421875,,,-5.375729305500307,time_stop (126 days)
2021-11-05,NATGAS,SHORT,5.515999794006348,"['lower_high', 'momentum_flip']",3.0,,
2021-11-16,SOYBEANS,COVER,1251.25,,,18.657565415244594,time_stop (126 days)
2021-11-16,BTC,SHORT,60161.24609375,"['rsi_breakdown', 'lower_high', 'momentum_flip']",3.0,,
2021-11-17,COFFEE,COVER,232.6000061035156,,,-16.329087098573446,stop_loss (-16.3%)
2021-11-17,CRUDE,SHORT,78.36000061035156,"['broke_50sma', 'lower_high']",3.0,,
2021-12-01,NATGAS,PARTIAL_COVER,4.257999897003174,,,22.80638042028408,
2021-12-09,BTC,PARTIAL_COVER,47672.12109375,,,20.759418746975495,
2021-12-13,COPPER,COVER,4.28000020980835,,,1.382487112212744,time_stop (126 days)
2021-12-14,XLE,SHORT,23.70342445373535,"['rsi_breakdown', 'lower_high']",3.0,,
2021-12-22,CORN,COVER,602.5,,,-15.311004784688995,stop_loss (-15.3%)
2021-12-23,COFFEE,SHORT,231.1999969482422,"['lower_high', 'momentum_flip']",3.0,,
2022-01-11,XLE,COVER,27.39398193359375,,,-15.56972279284656,stop_loss (-15.6%)
2022-01-21,XLF,SHORT,35.65475082397461,"['lower_high', 'momentum_flip']",3.0,,
2022-01-22,BTC,COVER,35030.25,,,41.77273199193392,profit_target (41.8%)
2022-02-03,CRUDE,COVER,90.2699966430664,,,-15.199075982576629,stop_loss (-15.2%)
2022-02-10,ETH,SHORT,3077.482177734375,"['broke_50sma', 'lower_high']",5.0,,
2022-02-17,COTTON,SHORT,121.93000030517578,"['rsi_breakdown', 'lower_high', 'momentum_flip']",3.0,,
2022-04-07,NATGAS,COVER,6.359000205993652,,,-15.282821672751037,stop_loss (-15.3%)
2022-04-13,COTTON,COVER,142.77000427246094,,,-17.09177717963191,stop_loss (-17.1%)
2022-04-13,WHEAT,SHORT,1113.5,"['lower_high', 'momentum_flip']",3.0,,
2022-04-19,CRUDE,SHORT,102.55999755859376,"['rsi_breakdown', 'lower_high', 'momentum_flip']",3.0,,
2022-05-09,ETH,PARTIAL_COVER,2245.430419921875,,,27.036769338012927,
2022-05-26,ETH,COVER,1803.913330078125,,,41.38346785143185,profit_target (41.4%)
2022-05-26,COTTON,SHORT,140.61000061035156,"['broke_50sma', 'lower_high', 'momentum_flip']",3.0,,
2022-06-03,CRUDE,COVER,118.87000274658205,,,-15.902891552498504,stop_loss (-15.9%)
2022-06-14,NATGAS,SHORT,7.189000129699707,"['broke_50sma', 'lower_high', 'momentum_flip']",5.0,,
2022-06-24,COTTON,PARTIAL_COVER,103.76000213623048,,,26.2072386844213,
2022-06-27,COFFEE,COVER,226.0,,,2.249133657820199,time_stop (126 days)
2022-06-29,CRUDE,SHORT,109.77999877929688,"['broke_50sma', 'lower_high']",4.0,,
2022-06-30,WHEAT,PARTIAL_COVER,868.75,,,21.98024247867086,
2022-06-30,NATGAS,PARTIAL_COVER,5.423999786376953,,,24.55140230184528,
2022-07-22,NATGAS,COVER,8.298999786376953,,,-15.440250892353399,stop_loss (-15.4%)
2022-07-22,XLE,SHORT,31.469118118286133,"['rsi_breakdown', 'lower_high']",4.0,,
2022-07-25,XLF,COVER,31.048877716064453,,,12.917978674564518,time_stop (126 days)
2022-08-09,NATGAS,SHORT,7.833000183105469,"['rsi_breakdown', 'lower_high']",4.0,,
2022-08-16,CRUDE,PARTIAL_COVER,86.52999877929688,,,21.17872131401832,
2022-08-16,NATGAS,COVER,9.32900047302246,,,-19.098688305199126,stop_loss (-19.1%)
2022-08-16,CORN,SHORT,611.0,"['lower_high', 'momentum_flip']",3.0,,
2022-08-23,XLE,COVER,36.34318161010742,,,-15.488401910408347,stop_loss (-15.5%)
2022-09-07,NATGAS,SHORT,7.842000007629394,"['broke_50sma', 'lower_high']",4.0,,
2022-09-12,CORN,COVER,712.25,,,-16.571194762684126,stop_loss (-16.6%)
2022-09-14,NATGAS,COVER,9.11400032043457,,,-16.220355924096683,stop_loss (-16.2%)
2022-09-15,NATGAS,SHORT,8.324000358581543,"['lower_high', 'momentum_flip']",4.0,,
2022-09-27,NATGAS,PARTIAL_COVER,6.651000022888184,,,20.09851349860403,
2022-10-13,WHEAT,COVER,892.25,,,19.869779973057923,time_stop (126 days)
2022-10-14,COTTON,COVER,83.1500015258789,,,40.86480252830787,profit_target (40.9%)
2022-10-21,NATGAS,COVER,4.959000110626221,,,40.425277546825306,profit_target (40.4%)
2022-12-28,CRUDE,COVER,78.95999908447266,,,28.07433051332524,time_stop (126 days)
2023-04-21,BTC,SHORT,27276.91015625,"['rsi_breakdown', 'lower_high', 'momentum_flip']",3.0,,
2023-04-21,ETH,SHORT,1849.9998779296875,"['rsi_breakdown', 'lower_high']",3.0,,
2023-05-24,SUGAR,SHORT,25.489999771118164,"['rsi_breakdown', 'lower_high']",3.0,,
2023-07-13,BTC,COVER,31476.048828125,,,-15.39448070848613,stop_loss (-15.4%)
2023-07-14,BTC,SHORT,30334.068359375,"['rsi_breakdown', 'momentum_flip']",3.0,,
2023-08-25,ETH,COVER,1652.93505859375,,,10.652153099408329,time_stop (126 days)
2023-10-25,NATGAS,SHORT,3.009999990463257,"['rsi_breakdown', 'lower_high']",3.0,,
2023-10-31,NATGAS,COVER,3.575000047683716,,,-18.77076608008567,stop_loss (-18.8%)
2023-11-01,BTC,COVER,35437.25390625,,,-16.823280960589702,stop_loss (-16.8%)
2023-11-15,NATGAS,SHORT,3.190000057220459,"['rsi_breakdown', 'lower_high']",3.0,,
2023-11-22,SUGAR,COVER,27.21999931335449,,,-6.7869735495114725,time_stop (126 days)
2023-12-11,NATGAS,PARTIAL_COVER,2.430999994277954,,,23.793104994607557,
2024-01-03,BTC,SHORT,42848.17578125,"['rsi_breakdown', 'momentum_flip']",3.0,,
2024-02-09,NATGAS,COVER,1.847000002861023,,,42.100314428509186,profit_target (42.1%)
2024-02-12,BTC,COVER,49958.22265625,,,-16.593581279395554,stop_loss (-16.6%)
2024-03-18,BTC,SHORT,67548.59375,"['rsi_breakdown', 'lower_high']",6.0,,
2024-03-18,ETH,SHORT,3517.985107421875,"['rsi_breakdown', 'lower_high']",5.0,,
2024-05-01,COFFEE,SHORT,219.0500030517578,"['rsi_breakdown', 'lower_high']",3.0,,
2024-07-09,COFFEE,COVER,252.0,,,-15.042226199127995,stop_loss (-15.0%)
2024-07-22,BTC,COVER,67585.25,,,-0.054266488708360414,time_stop (126 days)
2024-07-22,ETH,COVER,3440.419921875,,,2.2048184735983143,time_stop (126 days)
2024-10-03,COFFEE,SHORT,252.0500030517578,"['rsi_breakdown', 'lower_high']",3.0,,
2024-10-16,NATGAS,SHORT,2.367000102996826,"['broke_50sma', 'lower_high']",3.0,,
2024-10-30,NATGAS,COVER,2.845000028610229,,,-20.194334804135146,stop_loss (-20.2%)
2024-11-20,COFFEE,COVER,295.29998779296875,,,-17.159287529280316,stop_loss (-17.2%)
2024-12-18,ETH,SHORT,3618.791259765625,"['rsi_breakdown', 'momentum_flip']",3.0,,
2024-12-20,BTC,SHORT,97755.9296875,"['rsi_breakdown', 'lower_high']",4.0,,
2024-12-27,COFFEE,SHORT,322.6499938964844,"['rsi_breakdown', 'lower_high']",3.0,,
