Date,Equity,Num_Positions,Gross_Leverage
2018-11-14,1.0,0,0.0
2018-11-15,1.0,0,0.0
2018-11-16,1.0,0,0.0
2018-11-19,1.0,0,0.0
2018-11-20,1.0,0,0.0
2018-11-21,0.9948200509139362,2,1.0
2018-11-23,0.9968795594943928,2,1.0
2018-11-26,0.9729071341872045,2,1.0
2018-11-27,0.968309145334036,2,1.0
2018-11-28,1.0169406562483099,2,1.0
2018-11-29,1.0114478321654492,3,1.0
2018-11-30,1.015508117714949,3,1.0
2018-12-03,0.9966054232086072,3,1.0
2018-12-04,1.0086540111399513,3,1.0
2018-12-06,1.0003996266521444,3,1.0
2018-12-07,1.0091980149373827,4,1.0
2018-12-10,1.0118445294627714,4,1.0
2018-12-11,1.003802864108859,4,1.0
2018-12-12,0.9861901887224077,4,1.0
2018-12-13,0.987234929032982,4,1.0
2018-12-14,0.9695751264594785,4,1.0
2018-12-17,0.9549635923708407,4,1.0
2018-12-18,0.9737704227511251,4,1.0
2018-12-19,0.9731803049713326,4,1.0
2018-12-20,0.9697941066125424,4,1.0
2018-12-21,0.9727731376526831,4,1.0
2018-12-24,0.9659570783205598,4,1.0
2018-12-26,0.9545562710041735,4,1.0
2018-12-27,0.9595018421570806,4,1.0
2018-12-28,0.9500295343123852,4,1.0
2018-12-31,0.9542554233415291,6,1.0
2019-01-02,0.9553518910220357,6,1.0
2019-01-03,0.96022132248542,6,1.0
2019-01-04,0.9521853873789105,6,1.0
2019-01-07,0.9543027390573582,6,1.0
2019-01-08,0.9563547751280833,6,1.0
2019-01-09,0.9575405289432591,6,1.0
2019-01-10,0.951759972458362,6,1.0
2019-01-11,0.9547536404515625,6,1.0
2019-01-14,0.9546660574399911,6,1.0
2019-01-15,0.9524731977869823,6,1.0
2019-01-16,0.9516753246036542,6,1.0
2019-01-17,0.9477225695131097,6,1.0
2019-01-18,0.9470096048519286,6,1.0
2019-01-22,0.9375313577033916,6,1.0
2019-01-23,0.9346066766455167,6,1.0
2019-01-24,0.9416702708349263,6,1.0
2019-01-25,0.9385881450246912,6,1.0
2019-01-28,0.9330051303026287,6,1.0
2019-01-29,0.9346613176358052,6,1.0
2019-01-30,0.9361563499525566,6,1.0
2019-01-31,0.9392266792837146,6,1.0
2019-02-01,0.9351499846637105,6,1.0
2019-02-04,0.9351193303813246,6,1.0
2019-02-05,0.9366204225850643,6,1.0
2019-02-06,0.9350023425580055,6,1.0
2019-02-07,0.9370016965827904,6,1.0
2019-02-08,0.9386620252472161,6,1.0
2019-02-11,0.9348108076441421,6,1.0
2019-02-12,0.9347295811581731,6,1.0
2019-02-13,0.9318717055091553,6,1.0
2019-02-14,0.9335525381679405,6,1.0
2019-02-15,0.9435185488343137,6,1.0
2019-02-19,0.9497358168354265,6,1.0
2019-02-20,0.9508532822513589,6,1.0
2019-02-21,0.9442531722617887,6,1.0
2019-02-22,0.9497756708071626,6,1.0
2019-02-25,0.9480766980639791,6,1.0
2019-02-26,0.9494877959975228,6,1.0
2019-02-27,0.9451558832840229,6,1.0
2019-02-28,0.940980295966816,6,1.0
2019-03-01,0.9310716167849901,6,1.0
2019-03-04,0.9316542626481863,6,1.0
2019-03-05,0.9345217459363332,6,1.0
2019-03-06,0.9341607412677203,6,1.0
2019-03-07,0.9352228281702741,6,1.0
2019-03-08,0.9361644672977381,6,1.0
2019-03-11,0.937153796126732,6,1.0
2019-03-12,0.9412031339205769,6,1.0
2019-03-13,0.9422557168276904,6,1.0
2019-03-14,0.9365761294801087,6,1.0
2019-03-15,0.9420697139363822,6,1.0
2019-03-18,0.9429752580273247,6,1.0
2019-03-19,0.943868327915462,6,1.0
2019-03-20,0.9484679858656638,6,1.0
2019-03-21,0.9489346396248937,6,1.0
2019-03-22,0.9456984210900441,6,1.0
2019-03-25,0.9486353004729295,6,1.0
2019-03-26,0.9475395264138855,6,1.0
2019-03-27,0.94615170175355,6,1.0
2019-03-28,0.9463267550975923,6,1.0
2019-03-29,0.9510613662581198,6,1.0
2019-04-01,0.9509028231403718,6,1.0
2019-04-02,0.9517783025625322,6,1.0
2019-04-03,0.9527546496793008,6,1.0
2019-04-04,0.9552643526434983,6,1.0
2019-04-05,0.9593403688620276,6,1.0
2019-04-08,0.9638257365525963,6,1.0
2019-04-09,0.9618763228427393,6,1.0
2019-04-10,0.9652434253491348,6,1.0
2019-04-11,0.9597707460477629,6,1.0
2019-04-12,0.9598683683144539,6,1.0
2019-04-15,0.9593828015460163,6,1.0
2019-04-16,0.9586275825561495,6,1.0
2019-04-17,0.9575089393745533,6,1.0
2019-04-18,0.9592774282754963,6,1.0
2019-04-22,0.9630525265791455,6,1.0
2019-04-23,0.9712098563666282,6,1.0
2019-04-24,0.9709714234170789,6,1.0
2019-04-25,0.9685216769776935,6,1.0
2019-04-26,0.9667107051111419,6,1.0
2019-04-29,0.9684100692721699,6,1.0
2019-04-30,0.96837001998311,6,1.0
2019-05-01,0.9648505942077359,6,1.0
2019-05-02,0.9584661216180038,6,1.0
2019-05-03,0.9669184804911523,6,1.0
2019-05-06,0.968809363740872,6,1.0
2019-05-07,0.9573589268816806,6,1.0
2019-05-08,0.9569698225096248,6,1.0
2019-05-09,0.9551342681799262,6,1.0
2019-05-10,0.9567773954451259,6,1.0
2019-05-13,0.940965085806275,6,1.0
2019-05-14,0.9486426822805755,6,1.0
2019-05-15,0.9541101481776084,6,1.0
2019-05-16,0.9603683983392282,6,1.0
2019-05-17,0.9577637399503806,6,1.0
2019-05-20,0.9541480150457634,6,1.0
2019-05-21,0.9568107876544799,6,1.0
2019-05-22,0.952388913971671,6,1.0
2019-05-23,0.942373147586519,6,1.0
2019-05-24,0.9448368407927722,6,1.0
2019-05-28,0.9445524134517737,6,1.0
2019-05-29,0.9419909450962783,6,1.0
2019-05-30,0.9448745499796246,6,1.0
2019-05-31,0.9405206012020317,6,1.0
2019-06-03,0.939411142522178,6,1.0
2019-06-04,0.9383350933293908,6,1.0
2019-06-05,0.9368887261017128,6,1.0
2019-06-06,0.9416719549150422,6,1.0
2019-06-07,0.9457735151782318,6,1.0
2019-06-10,0.9509256882949648,6,1.0
2019-06-11,0.9526101162005178,6,1.0
2019-06-12,0.9529583886848438,6,1.0
2019-06-13,0.9535094716827426,6,1.0
2019-06-14,0.9532367193723154,6,1.0
2019-06-17,0.9540338097619944,6,1.0
2019-06-18,0.9600773253397151,6,1.0
2019-06-19,0.9628661521880665,6,1.0
2019-06-20,0.9608260040156703,6,1.0
2019-06-21,0.9605744671148075,6,1.0
2019-06-24,0.9635802492164881,6,1.0
2019-06-25,0.9592328229776383,6,1.0
2019-06-26,0.9568128204679449,6,1.0
2019-06-27,0.9577019808846958,6,1.0
2019-06-28,0.9579841414319717,6,1.0
2019-07-01,0.9629239181019775,6,1.0
2019-07-02,0.9670951709156307,6,1.0
2019-07-03,0.9693406610506392,6,1.0
2019-07-05,0.965363320841181,6,1.0
2019-07-08,0.9705097168974753,6,1.0
2019-07-09,0.9678532261173965,6,1.0
2019-07-10,0.968051025027612,6,1.0
2019-07-11,0.9637223902069163,6,1.0
2019-07-12,0.9658913929626224,6,1.0
2019-07-15,0.962452369331858,6,1.0
2019-07-16,0.9602920434557634,6,1.0
2019-07-17,0.9622279042778517,6,1.0
2019-07-18,0.9679926137764525,6,1.0
2019-07-19,0.963708203933193,6,1.0
2019-07-22,0.9698456032572057,6,1.0
2019-07-23,0.9673568890432007,6,1.0
2019-07-24,0.9691752438199974,6,1.0
2019-07-25,0.9633975443779356,6,1.0
2019-07-26,0.9627690465261597,6,1.0
2019-07-29,0.9625585604976863,6,1.0
2019-07-30,0.9624725633487976,6,1.0
2019-07-31,0.9590613123344296,6,1.0
2019-08-01,0.9652235867209964,6,1.0
2019-08-02,0.9624884246202569,6,1.0
2019-08-05,0.9576134443011662,6,1.0
2019-08-06,0.9633821656095194,6,1.0
2019-08-07,0.9720116603145029,6,1.0
2019-08-08,0.9756781608876555,6,1.0
2019-08-09,0.9732763706047336,6,1.0
2019-08-12,0.9780803553501691,6,1.0
2019-08-13,0.9781252250604994,6,1.0
2019-08-14,0.9817059401161397,6,1.0
2019-08-15,0.9867189620278055,6,1.0
2019-08-16,0.9853440410595442,6,1.0
2019-08-19,0.9802842372348285,6,1.0
2019-08-20,0.985041771053137,6,1.0
2019-08-21,0.9845147774769054,6,1.0
2019-08-22,0.981654853379556,6,1.0
2019-08-23,0.9874190811540163,6,1.0
2019-08-26,0.9910174089831525,6,1.0
2019-08-27,1.0027929644588915,5,1.0
2019-08-28,1.0046569670345231,5,1.0
2019-08-29,1.0014256456136823,5,1.0
2019-08-30,1.00270534044257,5,1.0
2019-09-03,1.0152960097933634,5,1.0
2019-09-04,1.0219813032129046,6,1.0
2019-09-05,1.0070530059454053,6,1.0
2019-09-06,1.0019069737539226,6,1.0
2019-09-09,0.9966623836142009,6,1.0
2019-09-10,0.9914653836463191,6,1.0
2019-09-11,0.9946610296518329,6,1.0
2019-09-12,0.993331803544974,6,1.0
2019-09-13,0.9805848054213937,6,1.0
2019-09-16,0.989279700899621,6,1.0
2019-09-17,0.9917937318593244,6,1.0
2019-09-18,0.9891938873348551,6,1.0
2019-09-19,0.9907492305526021,6,1.0
2019-09-20,0.9972716152782304,6,1.0
2019-09-23,1.005637419828559,6,1.0
2019-09-24,1.0067717018253812,6,1.0
2019-09-25,0.9953891512419609,6,1.0
2019-09-26,0.9964526234798279,6,1.0
2019-09-27,0.9920140770726865,6,1.0
2019-09-30,0.9868559892401769,6,1.0
2019-10-01,0.9885805064406737,6,1.0
2019-10-02,0.9913786647324123,6,1.0
2019-10-03,0.9962493947464794,6,1.0
2019-10-04,0.9999168549830219,6,1.0
2019-10-07,0.9952468889356855,6,1.0
2019-10-08,0.9984101558381202,6,1.0
2019-10-09,0.9985992180489358,6,1.0
2019-10-10,0.9919308054859566,6,1.0
2019-10-11,0.9893542179563055,6,1.0
2019-10-14,0.9933513639327703,6,1.0
2019-10-15,0.9888034235352262,6,1.0
2019-10-16,0.989332734804318,6,1.0
2019-10-17,0.9903468685272814,6,1.0
2019-10-18,0.9882134963512806,6,1.0
2019-10-21,0.9871704801558049,6,1.0
2019-10-22,0.987658808068275,6,1.0
2019-10-23,0.9892680226540588,6,1.0
2019-10-24,0.9945697481557707,6,1.0
2019-10-25,0.9981826917885502,6,1.0
2019-10-28,0.9951229391527805,6,1.0
2019-10-29,0.9932890694746429,6,1.0
2019-10-30,0.9983552820224849,6,1.0
2019-10-31,1.0044544416489312,6,1.0
2019-11-01,1.0052640182943782,6,1.0
2019-11-04,1.0023355893909536,6,1.0
2019-11-05,0.9932318995145132,6,1.0
2019-11-06,0.9914293946121676,6,1.0
2019-11-07,0.9834367049867554,6,1.0
2019-11-08,0.9807452836708702,6,1.0
2019-11-11,0.971054764536859,6,1.0
2019-11-12,0.9714556458346301,6,1.0
2019-11-13,0.9737088582135307,6,1.0
2019-11-14,0.975916295311258,6,1.0
2019-11-15,0.9768713713026097,6,1.0
2019-11-18,0.9782964667657362,6,1.0
2019-11-19,0.9800870369565648,6,1.0
2019-11-20,0.9809941891068137,6,1.0
2019-11-21,0.9786693873459903,6,1.0
2019-11-22,0.9788865020327109,6,1.0
2019-11-25,0.9815240321204459,6,1.0
2019-11-26,0.9854654503326833,6,1.0
2019-11-27,0.9878449296975504,6,1.0
2019-11-29,0.9847443783777263,6,1.0
2019-12-02,0.9766183221803099,6,1.0
2019-12-03,0.9784159217854691,6,1.0
2019-12-04,0.9789341919321548,6,1.0
2019-12-05,0.9843773956441263,6,1.0
2019-12-06,0.987363523516615,6,1.0
2019-12-09,0.9920125685005511,6,1.0
2019-12-10,0.9974882668886931,6,1.0
2019-12-11,1.0012295353932152,6,1.0
2019-12-12,1.008412429684383,6,1.0
2019-12-13,0.9977209236876416,6,1.0
2019-12-16,1.0165714755338573,6,1.0
2019-12-17,1.0076413127583035,6,1.0
2019-12-18,1.0046969883489754,6,1.0
2019-12-19,1.0038545195218502,6,1.0
2019-12-20,1.0043679571957569,6,1.0
2019-12-23,1.006214961935222,6,1.0
2019-12-24,1.0071128095858437,6,1.0
2019-12-26,1.0115831137787819,6,1.0
2019-12-27,1.0172268536969578,6,1.0
2019-12-30,1.015851546066499,6,1.0
2019-12-31,1.021723428802825,6,1.0
2020-01-02,1.0271053305747606,6,1.0
2020-01-03,1.0207222227333739,6,1.0
2020-01-06,1.0238495000501584,6,1.0
2020-01-07,1.0221368372786965,6,1.0
2020-01-08,1.0193425490229855,6,1.0
2020-01-09,1.0238420054244102,6,1.0
2020-01-10,1.022700444573917,6,1.0
2020-01-13,1.027466393581689,6,1.0
2020-01-14,1.0296489959152475,6,1.0
2020-01-15,1.0311067817523267,6,1.0
2020-01-16,1.032693108523932,6,1.0
2020-01-17,1.0381875666639229,6,1.0
2020-01-21,1.0408205258688064,6,1.0
2020-01-22,1.0393417978396793,6,1.0
2020-01-23,1.03819882238221,6,1.0
2020-01-24,1.0268434258544932,6,1.0
2020-01-27,1.01793201940465,6,1.0
2020-01-28,1.0264662258212724,6,1.0
2020-01-29,1.0214652822026224,6,1.0
2020-01-30,1.0190510637082062,6,1.0
2020-01-31,1.0046851216568768,6,1.0
2020-02-03,1.0111318504422344,6,1.0
2020-02-04,1.0214821183494458,6,1.0
2020-02-05,1.0284110090598018,6,1.0
2020-02-06,1.029673182054067,6,1.0
2020-02-07,1.0282819148293303,6,1.0
2020-02-10,1.031746012931911,6,1.0
2020-02-11,1.037123537433793,6,1.0
2020-02-12,1.039520559649815,6,1.0
2020-02-13,1.0415197159747893,6,1.0
2020-02-14,1.0389422944443631,6,1.0
2020-02-18,1.0412370198636485,6,1.0
2020-02-19,1.0468675301383743,6,1.0
2020-02-20,1.0457883203028513,6,1.0
2020-02-21,1.0404918711911864,6,1.0
2020-02-24,1.019635880173041,6,1.0
2020-02-25,1.000034972128019,6,1.0
2020-02-26,0.994732856229472,6,1.0
2020-02-27,0.9870055258999227,6,1.0
2020-02-28,0.9790589144453784,6,1.0
2020-03-02,0.9855287642119371,6,1.0
2020-03-03,0.9907413553446219,6,1.0
2020-03-04,0.987753821897439,6,1.0
2020-03-05,0.9825636149129396,6,1.0
2020-03-06,0.9831722912143264,6,1.0
2020-03-09,0.9753803468834523,6,1.0
2020-03-10,0.9841007290428019,6,1.0
2020-03-11,0.9704934716034799,5,1.0
2020-03-12,0.949772733522228,5,1.0
2020-03-13,0.9286355532867482,5,1.0
2020-03-16,0.9275566718823431,5,1.0
2020-03-17,0.9054714548978526,5,1.0
2020-03-18,0.8888336149411882,3,1.0
2020-03-19,0.9048902690520794,3,1.0
2020-03-20,0.9343973914113552,3,1.0
2020-03-23,0.950473948359325,3,1.0
2020-03-24,0.9387966069779193,3,1.0
2020-03-25,0.9416689814590088,6,1.0
2020-03-26,0.9339899810807409,6,1.0
2020-03-27,0.9263080907062213,6,1.0
2020-03-30,0.9321522343313363,6,1.0
2020-03-31,0.9279410675471814,6,1.0
2020-04-01,0.9257676108919318,6,1.0
2020-04-02,0.9313413495857896,6,1.0
2020-04-03,0.9292878956359718,6,1.0
2020-04-06,0.9366981096031552,6,1.0
2020-04-07,0.9365622003573159,6,1.0
2020-04-08,0.934324080221582,5,1.0
2020-04-09,0.941558406466858,5,1.0
2020-04-13,0.9440285568191328,5,1.0
2020-04-14,0.9417209359926845,5,1.0
2020-04-15,0.9455239872958926,5,1.0
2020-04-16,0.9520005982233772,5,1.0
2020-04-17,0.9465813436323365,5,1.0
2020-04-20,0.9483395556866422,5,1.0
2020-04-21,0.9432426570917083,5,1.0
2020-04-22,0.9505946901747588,5,1.0
2020-04-23,0.9536934480274543,6,1.0
2020-04-24,0.9521627087167812,6,1.0
2020-04-27,0.9452715278866436,6,1.0
2020-04-28,0.9453980924699354,6,1.0
2020-04-29,0.9471183342848085,6,1.0
2020-04-30,0.9397520515900595,5,1.0
2020-05-01,0.9376942687237855,5,1.0
2020-05-04,0.9407353094454243,5,1.0
2020-05-05,0.942462501857953,5,1.0
2020-05-06,0.938368881190616,5,1.0
2020-05-07,0.9473941477379362,5,1.0
2020-05-08,0.9456969329264592,5,1.0
2020-05-11,0.9449027545180626,5,1.0
2020-05-12,0.9438962709867662,5,1.0
2020-05-13,0.945407546601285,5,1.0
2020-05-14,0.9515819390467063,5,1.0
2020-05-15,0.953417271957584,5,1.0
2020-05-18,0.9486252231647271,5,1.0
2020-05-19,0.9510819557049115,5,1.0
2020-05-20,0.9553129711502706,5,1.0
2020-05-21,0.9514769675454015,5,1.0
2020-05-22,0.9553302086063863,5,1.0
2020-05-26,0.947618648894011,5,1.0
2020-05-27,0.9487317129758788,5,1.0
2020-05-28,0.947258403929607,5,1.0
2020-05-29,0.9567135774499524,6,1.0
2020-06-01,0.9601017294573585,6,1.0
2020-06-02,0.9566795669149102,6,1.0
2020-06-03,0.9470162665303596,6,1.0
2020-06-04,0.9446320782841592,6,1.0
2020-06-05,0.9416668983234241,4,1.0
2020-06-08,0.9472019037458286,4,1.0
2020-06-09,0.9547395480738667,4,1.0
2020-06-10,0.9663477449447923,4,1.0
2020-06-11,0.95805744080685,4,1.0
2020-06-12,0.9611539564269209,5,1.0
2020-06-15,0.9620421391474434,5,1.0
2020-06-16,0.9602510431576227,5,1.0
2020-06-17,0.9635103420817739,5,1.0
2020-06-18,0.9681383282566847,5,1.0
2020-06-19,0.9741392400690303,6,1.0
2020-06-22,0.9780880427153685,6,1.0
2020-06-23,0.982444694905523,6,1.0
2020-06-24,0.9760719813847698,6,1.0
2020-06-25,0.9817983386730279,6,1.0
2020-06-26,0.9812577680063279,5,1.0
2020-06-29,0.9831965115031095,5,1.0
2020-06-30,0.9895377307361172,5,1.0
2020-07-01,0.9907313784787874,5,1.0
2020-07-02,0.9929548912794427,5,1.0
2020-07-06,1.0019680791115702,6,1.0
2020-07-07,1.0034172183566854,6,1.0
2020-07-08,1.0088364361849687,6,1.0
2020-07-09,1.0138738331080293,6,1.0
2020-07-10,1.0189371755310148,6,1.0
2020-07-13,1.019133300299854,6,1.0
2020-07-14,1.0255290382199078,6,1.0
2020-07-15,1.0249336616719895,6,1.0
2020-07-16,1.019330297565309,6,1.0
2020-07-17,1.022257673404934,6,1.0
2020-07-20,1.0359242486459792,6,1.0
2020-07-21,1.0493676912245098,6,1.0
2020-07-22,1.0672518335873638,6,1.0
2020-07-23,1.0590216082915331,6,1.0
2020-07-24,1.057404397864825,6,1.0
2020-07-27,1.0816837437891824,6,1.0
2020-07-28,1.077679387556609,6,1.0
2020-07-29,1.0867743748323238,6,1.0
2020-07-30,1.0773316837994373,6,1.0
2020-07-31,1.0870667850594768,6,1.0
2020-08-03,1.0980810720747467,6,1.0
2020-08-04,1.1154720396655826,6,1.0
2020-08-05,1.1290547183335953,6,1.0
2020-08-06,1.1489764508645484,6,1.0
2020-08-07,1.1343043797872063,6,1.0
2020-08-10,1.1456525488329092,6,1.0
2020-08-11,1.1013366445508814,6,1.0
2020-08-12,1.1113928694661226,6,1.0
2020-08-13,1.1270805012517648,6,1.0
2020-08-14,1.1226278917886332,6,1.0
2020-08-17,1.1371471944409073,6,1.0
2020-08-18,1.1443408426093864,6,1.0
2020-08-19,1.136227863711842,6,1.0
2020-08-20,1.1472597290395348,6,1.0
2020-08-21,1.1397304854950188,6,1.0
2020-08-24,1.144906730241019,6,1.0
2020-08-25,1.1501542511745086,6,1.0
2020-08-26,1.1646744019118445,6,1.0
2020-08-27,1.1609571046495935,6,1.0
2020-08-28,1.1692494352142468,6,1.0
2020-08-31,1.1747314272538423,6,1.0
2020-09-01,1.179978505833439,6,1.0
2020-09-02,1.1808764951122899,6,1.0
2020-09-03,1.1463258112138257,6,1.0
2020-09-04,1.1533642607729073,6,1.0
2020-09-08,1.1351312358040748,6,1.0
2020-09-09,1.1480615148025761,6,1.0
2020-09-10,1.135848350519389,6,1.0
2020-09-11,1.1431383109530573,6,1.0
2020-09-14,1.1580540330991316,6,1.0
2020-09-15,1.1583183519082851,6,1.0
2020-09-16,1.1629458003143454,6,1.0
2020-09-17,1.1599937658595039,6,1.0
2020-09-18,1.1604363599699854,6,1.0
2020-09-21,1.1255858314875526,6,1.0
2020-09-22,1.1297725227946955,6,1.0
2020-09-23,1.0965994286400376,6,1.0
2020-09-24,1.1010392509514237,6,1.0
2020-09-25,1.105934498564709,6,1.0
2020-09-28,1.1198003185848282,6,1.0
2020-09-29,1.1235821499793626,6,1.0
2020-09-30,1.124578646040527,6,1.0
2020-10-01,1.1261634812588979,6,1.0
2020-10-02,1.1246894313044957,6,1.0
2020-10-05,1.1334138873183737,6,1.0
2020-10-06,1.1272928904774613,6,1.0
2020-10-07,1.1369317773158039,6,1.0
2020-10-08,1.1394468664715278,6,1.0
2020-10-09,1.1604359327995666,6,1.0
2020-10-12,1.1591390872509002,6,1.0
2020-10-13,1.1520696844482814,6,1.0
2020-10-14,1.1513818615480493,6,1.0
2020-10-15,1.157159929321371,6,1.0
2020-10-16,1.1524158353991183,6,1.0
2020-10-19,1.1552931019321253,6,1.0
2020-10-20,1.1638339960421362,6,1.0
2020-10-21,1.1663048451341567,6,1.0
2020-10-22,1.1641664947791697,6,1.0
2020-10-23,1.1694340798684315,6,1.0
2020-10-26,1.1582882074398617,6,1.0
2020-10-27,1.1564202873856244,6,1.0
2020-10-28,1.1281550898459545,6,1.0
2020-10-29,1.1234299006310142,6,1.0
2020-10-30,1.1264976843869283,6,1.0
2020-11-02,1.1320024374213966,6,1.0
2020-11-03,1.1460860907937551,6,1.0
2020-11-04,1.1519521029928195,6,1.0
2020-11-05,1.1755481522104458,6,1.0
2020-11-06,1.1693817185642272,6,1.0
2020-11-09,1.17058588236975,6,1.0
2020-11-10,1.1903604176860554,6,1.0
2020-11-11,1.1872700824965152,6,1.0
2020-11-12,1.1780308876628527,6,1.0
2020-11-13,1.190960553064836,6,1.0
2020-11-16,1.2057075934512687,6,1.0
2020-11-17,1.2039046711160888,6,1.0
2020-11-18,1.2001957341363167,6,1.0
2020-11-19,1.1999425127713625,6,1.0
2020-11-20,1.1981960193511836,6,1.0
2020-11-23,1.2022816816348725,6,1.0
2020-11-24,1.21265193566146,6,1.0
2020-11-25,1.1992229494684883,6,1.0
2020-11-27,1.2155558688011083,6,1.0
2020-11-30,1.1990544861887316,6,1.0
2020-12-01,1.1922625672847393,6,1.0
2020-12-02,1.1912263074249068,6,1.0
2020-12-03,1.1922306935461942,6,1.0
2020-12-04,1.1993585426064457,6,1.0
2020-12-07,1.2019970951442516,6,1.0
2020-12-08,1.2009125799514657,6,1.0
2020-12-09,1.1971516957705783,6,1.0
2020-12-10,1.2036184748763397,6,1.0
2020-12-11,1.2013392478870906,6,1.0
2020-12-14,1.202489786390656,6,1.0
2020-12-15,1.2155961033868088,6,1.0
2020-12-16,1.2173419591059906,6,1.0
2020-12-17,1.2325807766688148,6,1.0
2020-12-18,1.2366282872656897,6,1.0
2020-12-21,1.2321959118139938,6,1.0
2020-12-22,1.230741497490864,6,1.0
2020-12-23,1.236496717634041,6,1.0
2020-12-24,1.239931122579413,6,1.0
2020-12-28,1.2448909916477844,6,1.0
2020-12-29,1.2483506416631134,6,1.0
2020-12-30,1.2528267152491332,6,1.0
2020-12-31,1.257378841103522,6,1.0
2021-01-04,1.2531386106495028,6,1.0
2021-01-05,1.2734763201959294,6,1.0
2021-01-06,1.284133992870087,6,1.0
2021-01-07,1.298164631466048,6,1.0
2021-01-08,1.3013771982611695,6,1.0
2021-01-11,1.2896580786930771,6,1.0
2021-01-12,1.3222760654057744,6,1.0
2021-01-13,1.3133083257604519,6,1.0
2021-01-14,1.3301430102583334,6,1.0
2021-01-15,1.31549652731906,6,1.0
2021-01-19,1.316683297935534,6,1.0
2021-01-20,1.3169515272664831,6,1.0
2021-01-21,1.3186534050480134,6,1.0
2021-01-22,1.2957046024285845,6,1.0
2021-01-25,1.3077150304150864,6,1.0
2021-01-26,1.3076626439811805,6,1.0
2021-01-27,1.2893836173453,6,1.0
2021-01-28,1.284137506111699,6,1.0
2021-01-29,1.2763058344687828,6,1.0
2021-02-01,1.2906430774342372,6,1.0
2021-02-02,1.2991588900191615,6,1.0
2021-02-03,1.3087582754720137,6,1.0
2021-02-04,1.326067739380517,6,1.0
2021-02-05,1.3287813339631507,6,1.0
2021-02-08,1.3525053575647656,6,1.0
2021-02-09,1.360583478565639,6,1.0
2021-02-10,1.3414626722143843,6,1.0
2021-02-11,1.348882520333645,6,1.0
2021-02-12,1.3571159038060723,6,1.0
2021-02-16,1.3668360809519253,6,1.0
2021-02-17,1.366118581612391,6,1.0
2021-02-18,1.3631013536654761,6,1.0
2021-02-19,1.375066570697833,6,1.0
2021-02-22,1.3878780548604912,6,1.0
2021-02-23,1.3919211872670936,6,1.0
2021-02-24,1.4156305828145752,6,1.0
2021-02-25,1.392481953830934,6,1.0
2021-02-26,1.369846417364858,6,1.0
2021-03-01,1.3714470174083737,6,1.0
2021-03-02,1.3738280123101927,6,1.0
2021-03-03,1.3648331957421058,6,1.0
2021-03-04,1.3594932450845614,6,1.0
2021-03-05,1.3834744627638313,6,1.0
2021-03-08,1.3809092534725949,6,1.0
2021-03-09,1.3846177371161588,6,1.0
2021-03-10,1.384895354187283,6,1.0
2021-03-11,1.407225679139888,6,1.0
2021-03-12,1.407068549607062,6,1.0
2021-03-15,1.410096940314301,6,1.0
2021-03-16,1.4086316034945958,6,1.0
2021-03-17,1.408356264634037,6,1.0
2021-03-18,1.3605995420461707,6,1.0
2021-03-19,1.3737148824643621,6,1.0
2021-03-22,1.3750098710612992,6,1.0
2021-03-23,1.3459938283900252,6,1.0
2021-03-24,1.3564372719126256,6,1.0
2021-03-25,1.344022606236833,6,1.0
2021-03-26,1.3616103689471866,6,1.0
2021-03-29,1.3513407833637485,6,1.0
2021-03-30,1.3402922823594132,6,1.0
2021-03-31,1.3697124318313627,6,1.0
2021-04-01,1.3773663933631204,6,1.0
2021-04-05,1.3821550586193276,6,1.0
2021-04-06,1.3820702876335136,6,1.0
2021-04-07,1.376903444249358,6,1.0
2021-04-08,1.387436930255959,6,1.0
2021-04-09,1.3852692064981025,6,1.0
2021-04-12,1.3804149612854577,6,1.0
2021-04-13,1.3888343825161271,6,1.0
2021-04-14,1.4111613913523993,6,1.0
2021-04-15,1.4212632558729732,6,1.0
2021-04-16,1.4278597585460227,6,1.0
2021-04-19,1.4245113530282618,6,1.0
2021-04-20,1.4291742618993337,6,1.0
2021-04-21,1.4397317519741417,6,1.0
2021-04-22,1.4524653056271923,6,1.0
2021-04-23,1.4617504767143954,6,1.0
2021-04-26,1.4842281129668808,6,1.0
2021-04-27,1.4932101147718504,6,1.0
2021-04-28,1.4779311704335503,6,1.0
2021-04-29,1.4808307021254672,6,1.0
2021-04-30,1.486515823270958,6,1.0
2021-05-03,1.4936848497285533,6,1.0
2021-05-04,1.5138228174696386,6,1.0
2021-05-05,1.5248373702204006,6,1.0
2021-05-06,1.5440569609799706,6,1.0
2021-05-07,1.558436818259821,6,1.0
2021-05-10,1.5438137596581676,6,1.0
2021-05-11,1.5596719489491895,6,1.0
2021-05-12,1.5434058897131462,6,1.0
2021-05-13,1.5071563673721042,6,1.0
2021-05-14,1.5064556339065656,6,1.0
2021-05-17,1.512760982338452,6,1.0
2021-05-18,1.5158621089838367,6,1.0
2021-05-19,1.4920511406992343,6,1.0
2021-05-20,1.4900881969567534,6,1.0
2021-05-21,1.487418383188871,6,1.0
2021-05-24,1.498626170888613,6,1.0
2021-05-25,1.4877629912068076,6,1.0
2021-05-26,1.4841911197289446,6,1.0
2021-05-27,1.5073560691393497,6,1.0
2021-05-28,1.507359432246514,6,1.0
2021-06-01,1.5208112481121305,6,1.0
2021-06-02,1.5253287416511756,6,1.0
2021-06-03,1.5101930641706613,6,1.0
2021-06-04,1.533614376821709,6,1.0
2021-06-07,1.5369581311717286,6,1.0
2021-06-08,1.552975399212299,6,1.0
2021-06-09,1.5474954108329928,6,1.0
2021-06-10,1.552948504118097,6,1.0
2021-06-11,1.552683441917646,6,1.0
2021-06-14,1.5307134580202713,6,1.0
2021-06-15,1.512823648407915,6,1.0
2021-06-16,1.5020473898642128,6,1.0
2021-06-17,1.4623287427412142,6,1.0
2021-06-18,1.4689341041391248,6,1.0
2021-06-21,1.4909156388596578,6,1.0
2021-06-22,1.4777788268585497,6,1.0
2021-06-23,1.4877960941937793,6,1.0
2021-06-24,1.4973606358445122,6,1.0
2021-06-25,1.5053729736846369,6,1.0
2021-06-28,1.5172864687033254,6,1.0
2021-06-29,1.5124144979530723,6,1.0
2021-06-30,1.5168350707681042,6,1.0
2021-07-01,1.5156479886042022,6,1.0
2021-07-02,1.5252579228447594,6,1.0
2021-07-06,1.5015595895162148,6,1.0
2021-07-07,1.486740040676288,6,1.0
2021-07-08,1.4861219289215897,6,1.0
2021-07-09,1.4938800360319282,6,1.0
2021-07-12,1.5056629808061461,6,1.0
2021-07-13,1.5011028058631373,6,1.0
2021-07-14,1.4972955016148302,6,1.0
2021-07-15,1.494413562856272,6,1.0
2021-07-16,1.5026898267509805,6,1.0
2021-07-19,1.4743337186371592,6,1.0
2021-07-20,1.5089140845218219,6,1.0
2021-07-21,1.5459606562424857,6,1.0
2021-07-22,1.5839368437475123,6,1.0
2021-07-23,1.590781130882434,6,1.0
2021-07-26,1.622530807745878,6,1.0
2021-07-27,1.603912930321731,6,1.0
2021-07-28,1.6060155132685683,6,1.0
2021-07-29,1.6028833341395312,6,1.0
2021-07-30,1.5823783081819904,6,1.0
2021-08-02,1.5855695995611765,6,1.0
2021-08-03,1.5948464113135425,6,1.0
2021-08-04,1.5897548854092258,6,1.0
2021-08-05,1.6073003925003702,6,1.0
2021-08-06,1.6114129336941891,6,1.0
2021-08-09,1.6014973310043874,6,1.0
2021-08-10,1.6168104220989143,6,1.0
2021-08-11,1.6149150100024339,6,1.0
2021-08-12,1.6225509998503602,6,1.0
2021-08-13,1.6285522845623404,6,1.0
2021-08-16,1.636648785617446,6,1.0
2021-08-17,1.611901041027937,6,1.0
2021-08-18,1.6077348597136698,6,1.0
2021-08-19,1.6016061975160218,6,1.0
2021-08-20,1.6025160373749732,6,1.0
2021-08-23,1.6197908085438688,6,1.0
2021-08-24,1.6149940838584438,6,1.0
2021-08-25,1.617569243158323,6,1.0
2021-08-26,1.6316671253486905,6,1.0
2021-08-27,1.662202456348047,6,1.0
2021-08-30,1.6763648929556016,6,1.0
2021-08-31,1.6696881696154988,6,1.0
2021-09-01,1.684558707179982,6,1.0
2021-09-02,1.6874559438414816,6,1.0
2021-09-03,1.6880463218815076,6,1.0
2021-09-07,1.674416099656752,6,1.0
2021-09-08,1.690102513492509,6,1.0
2021-09-09,1.690608970284483,6,1.0
2021-09-10,1.6778296203612284,6,1.0
2021-09-13,1.6942054415660952,6,1.0
2021-09-14,1.6994398318893738,6,1.0
2021-09-15,1.7223425442191544,6,1.0
2021-09-16,1.7079192898281894,6,1.0
2021-09-17,1.6815277359311667,6,1.0
2021-09-20,1.66425889456375,6,1.0
2021-09-21,1.6595854306706916,6,1.0
2021-09-22,1.6649809599853005,6,1.0
2021-09-23,1.6868294521156022,6,1.0
2021-09-24,1.6966460854972967,6,1.0
2021-09-27,1.7360105354776092,6,1.0
2021-09-28,1.7224962623743718,6,1.0
2021-09-29,1.6984026816003241,6,1.0
2021-09-30,1.7152243812276595,6,1.0
2021-10-01,1.7270380060430124,6,1.0
2021-10-04,1.7429865830136293,6,1.0
2021-10-05,1.774957967814281,6,1.0
2021-10-06,1.7440017872310645,6,1.0
2021-10-07,1.7591340601080725,6,1.0
2021-10-08,1.7588254635873015,6,1.0
2021-10-11,1.7555487758987003,6,1.0
2021-10-12,1.7604231591194008,6,1.0
2021-10-13,1.7534798658498953,6,1.0
2021-10-14,1.76794948578137,6,1.0
2021-10-15,1.7514450215358253,6,1.0
2021-10-18,1.7229755966077998,6,1.0
2021-10-19,1.7342850251613653,6,1.0
2021-10-20,1.7470273496644724,6,1.0
2021-10-21,1.7344863103411705,6,1.0
2021-10-22,1.7388603328833554,6,1.0
2021-10-25,1.7763193520704537,6,1.0
2021-10-26,1.7819729701047797,6,1.0
2021-10-27,1.7811652528080115,6,1.0
2021-10-28,1.778460287981746,6,1.0
2021-10-29,1.7682915100301357,6,1.0
2021-11-01,1.8014812538343028,6,1.0
2021-11-02,1.798332545502536,6,1.0
2021-11-03,1.805605411907555,6,1.0
2021-11-04,1.8015565929902835,6,1.0
2021-11-05,1.8007224256865786,6,1.0
2021-11-08,1.7944100396883682,6,1.0
2021-11-09,1.8064547677221503,6,1.0
2021-11-10,1.804562307877798,6,1.0
2021-11-11,1.8223807707077029,6,1.0
2021-11-12,1.8391609751109261,6,1.0
2021-11-15,1.843946364239234,6,1.0
2021-11-16,1.8437012365348824,6,1.0
2021-11-17,1.872238456772954,6,1.0
2021-11-18,1.8628243240719051,6,1.0
2021-11-19,1.868359741366517,6,1.0
2021-11-22,1.867502991378393,6,1.0
2021-11-23,1.8825768411541686,6,1.0
2021-11-24,1.885169560662448,6,1.0
2021-11-26,1.83975378879629,6,1.0
2021-11-29,1.8331119350680427,6,1.0
2021-11-30,1.7884955125372854,6,1.0
2021-12-01,1.7775479089933204,6,1.0
2021-12-02,1.8003827906723917,6,1.0
2021-12-03,1.8043248181734968,6,1.0
2021-12-06,1.824714716854661,6,1.0
2021-12-07,1.8261423039904456,6,1.0
2021-12-08,1.82228188428243,6,1.0
2021-12-09,1.8081375985834187,6,1.0
2021-12-10,1.8023221516852443,6,1.0
2021-12-13,1.8046942829721675,6,1.0
2021-12-14,1.7992187969712035,6,1.0
2021-12-15,1.8118039281845795,6,1.0
2021-12-16,1.8111462650615058,6,1.0
2021-12-17,1.7968071851001515,6,1.0
2021-12-20,1.7717010780015294,6,1.0
2021-12-21,1.7985604035423906,6,1.0
2021-12-22,1.8184006813987683,6,1.0
2021-12-23,1.820054920004391,6,1.0
2021-12-27,1.8370307914715762,6,1.0
2021-12-28,1.8217415318392893,6,1.0
2021-12-29,1.83794675472065,6,1.0
2021-12-30,1.835015864252701,6,1.0
2021-12-31,1.819350955294507,6,1.0
2022-01-03,1.8256646677056063,6,1.0
2022-01-04,1.857190614511518,6,1.0
2022-01-05,1.8445927714789632,6,1.0
2022-01-06,1.8514939964012795,6,1.0
2022-01-07,1.858553570923843,6,1.0
2022-01-10,1.8489078056366148,6,1.0
2022-01-11,1.8674775758903817,6,1.0
2022-01-12,1.8801130279928953,6,1.0
2022-01-13,1.8593709562500298,6,1.0
2022-01-14,1.8856609977200265,6,1.0
2022-01-18,1.8925185182571684,6,1.0
2022-01-19,1.917926493325887,6,1.0
2022-01-20,1.9051130169003174,6,1.0
2022-01-21,1.8951032325675434,6,1.0
2022-01-24,1.8995893801700228,6,1.0
2022-01-25,1.9158873465429362,6,1.0
2022-01-26,1.9162060153657225,6,1.0
2022-01-27,1.9099168338448491,6,1.0
2022-01-28,1.93426649753546,6,1.0
2022-01-31,1.9424395337821991,6,1.0
2022-02-01,1.9578256172624424,6,1.0
2022-02-02,1.950054770331812,6,1.0
2022-02-03,1.9597953532597103,6,1.0
2022-02-04,1.9699140570501172,6,1.0
2022-02-07,1.9773559940695506,6,1.0
2022-02-08,1.9817901192654472,6,1.0
2022-02-09,2.00735398967627,6,1.0
2022-02-10,1.991267387120575,6,1.0
2022-02-11,1.9936135707759068,6,1.0
2022-02-14,1.9884258018806962,6,1.0
2022-02-15,1.9726933588843714,6,1.0
2022-02-16,1.9804493215886263,6,1.0
2022-02-17,1.984360377341042,6,1.0
2022-02-18,1.9893647618456543,6,1.0
2022-02-22,2.0106157442277452,6,1.0
2022-02-23,2.0215107632894944,6,1.0
2022-02-24,2.0067726690821828,6,1.0
2022-02-25,1.9681078328618746,6,1.0
2022-02-28,2.001170451517394,6,1.0
2022-03-01,2.0630752957170753,6,1.0
2022-03-02,2.0406889493490517,6,1.0
2022-03-03,2.041865203476325,6,1.0
2022-03-04,2.068707337492029,6,1.0
2022-03-07,2.1435955139386556,6,1.0
2022-03-08,2.1323591304497787,6,1.0
2022-03-09,2.0468060382698487,6,1.0
2022-03-10,2.039545617071515,6,1.0
2022-03-11,2.0662935567942595,6,1.0
2022-03-14,2.0263836182575563,6,1.0
2022-03-15,2.0124041340530345,6,1.0
2022-03-16,1.9734883038867614,6,1.0
2022-03-17,2.0291145142506473,6,1.0
2022-03-18,2.037215673911258,6,1.0
2022-03-21,2.107956038665039,6,1.0
2022-03-22,2.1065253207089434,6,1.0
2022-03-23,2.1234960903249873,6,1.0
2022-03-24,2.1056091225775937,6,1.0
2022-03-25,2.137223016416297,6,1.0
2022-03-28,2.105443603262147,6,1.0
2022-03-29,2.0806856497221107,6,1.0
2022-03-30,2.1168538477577585,6,1.0
2022-03-31,2.0955337753754897,6,1.0
2022-04-01,2.090986034899826,6,1.0
2022-04-04,2.1315992986552987,6,1.0
2022-04-05,2.1434942420206684,6,1.0
2022-04-06,2.1322046764278553,6,1.0
2022-04-07,2.1558384081994526,6,1.0
2022-04-08,2.1737154183544907,6,1.0
2022-04-11,2.2010296006577454,6,1.0
2022-04-12,2.2475279176812637,6,1.0
2022-04-13,2.295759664778274,6,1.0
2022-04-14,2.309785716911103,6,1.0
2022-04-18,2.3649042426302374,6,1.0
2022-04-19,2.2941491230920903,6,1.0
2022-04-20,2.286856510212809,6,1.0
2022-04-21,2.2775388636179903,6,1.0
2022-04-22,2.225158139437345,6,1.0
2022-04-25,2.245275582063528,6,1.0
2022-04-26,2.2639356533620245,6,1.0
2022-04-27,2.312409965703712,6,1.0
2022-04-28,2.3127974100790167,6,1.0
2022-04-29,2.3057630423483837,6,1.0
2022-05-02,2.333932807489761,6,1.0
2022-05-03,2.3236823416841927,6,1.0
2022-05-04,2.4027762069335585,6,1.0
2022-05-05,2.415836147761436,6,1.0
2022-05-06,2.3698419453544037,6,1.0
2022-05-09,2.2641756382343896,6,1.0
2022-05-10,2.2782569194715836,6,1.0
2022-05-11,2.3462637557161634,6,1.0
2022-05-12,2.37304290430895,6,1.0
2022-05-13,2.3807906491434134,6,1.0
2022-05-16,2.433767657389755,6,1.0
2022-05-17,2.4466900946173107,6,1.0
2022-05-18,2.41199748785435,6,1.0
2022-05-19,2.40138635981992,6,1.0
2022-05-20,2.3976916127869594,6,1.0
2022-05-23,2.444728794999404,6,1.0
2022-05-24,2.4235151568809825,6,1.0
2022-05-25,2.4256183153435553,6,1.0
2022-05-26,2.4282407539540047,6,1.0
2022-05-27,2.443784937264869,6,1.0
2022-05-31,2.382875719660676,6,1.0
2022-06-01,2.3860736228284996,6,1.0
2022-06-02,2.3927722208094404,6,1.0
2022-06-03,2.4025653919569363,6,1.0
2022-06-06,2.4645709263491975,6,1.0
2022-06-07,2.4766282554335555,6,1.0
2022-06-08,2.4627657368143017,6,1.0
2022-06-09,2.4743927746654166,6,1.0
2022-06-10,2.467326631162996,6,1.0
2022-06-13,2.453081505907365,6,1.0
2022-06-14,2.3703026741138005,6,1.0
2022-06-15,2.3753282522063546,6,1.0
2022-06-16,2.3934145982054393,6,1.0
2022-06-17,2.3299612655739828,6,1.0
2022-06-21,2.283953788479294,6,1.0
2022-06-22,2.2556284911936055,6,1.0
2022-06-23,2.1689011139194245,6,1.0
2022-06-24,2.1854942692977315,6,1.0
2022-06-27,2.192539586214979,6,1.0
2022-06-28,2.226930875889915,6,1.0
2022-06-29,2.209743106633396,6,1.0
2022-06-30,2.1116334779805466,6,1.0
2022-07-01,2.087050750937932,6,1.0
2022-07-05,2.002142399932131,6,1.0
2022-07-06,2.0063743293769836,6,1.0
2022-07-07,2.1140019869503166,3,1.0
2022-07-08,2.112827588699865,3,1.0
2022-07-11,2.168170110117681,3,1.0
2022-07-12,2.0909463767581236,3,1.0
2022-07-13,2.1332270467073937,3,1.0
2022-07-14,2.1534657198368987,2,1.0
2022-07-15,2.2202073986667603,2,1.0
2022-07-18,2.264428925932188,2,1.0
2022-07-19,2.23900885088657,2,1.0
2022-07-20,2.3252249735659927,2,1.0
2022-07-21,2.3323922327486777,2,1.0
2022-07-22,2.386001842653887,2,1.0
2022-07-25,2.443765595576709,2,1.0
2022-07-26,2.47007965180822,2,1.0
2022-07-27,2.444155860133087,2,1.0
2022-07-28,2.397487643992622,3,1.0
2022-07-29,2.4118204544275508,3,1.0
2022-08-01,2.375246640722351,3,1.0
2022-08-02,2.330673030574934,3,1.0
2022-08-03,2.370671667203174,3,1.0
2022-08-04,2.348212601725077,2,1.0
2022-08-05,2.333176231541741,2,1.0
2022-08-08,2.2769541811717047,2,1.0
2022-08-09,2.3052124006392716,2,1.0
2022-08-10,2.353780405183881,2,1.0
2022-08-11,2.4168417727970457,4,1.0
2022-08-12,2.4112497424637356,4,1.0
2022-08-15,2.3932483045735133,4,1.0
2022-08-16,2.4011322587965016,4,1.0
2022-08-17,2.404769188252487,4,1.0
2022-08-18,2.423045986710526,5,1.0
2022-08-19,2.429849037497597,5,1.0
2022-08-22,2.447837993880495,5,1.0
2022-08-23,2.426364074834188,5,1.0
2022-08-24,2.4478145160616793,5,1.0
2022-08-25,2.4552796861137667,3,1.0
2022-08-26,2.450108326785857,3,1.0
2022-08-29,2.439704250344678,3,1.0
2022-08-30,2.4218975682861723,3,1.0
2022-08-31,2.42848879825881,3,1.0
2022-09-01,2.432597978624525,3,1.0
2022-09-02,2.3859043285945734,3,1.0
2022-09-06,2.318723383474872,3,1.0
2022-09-07,2.2730860620896216,3,1.0
2022-09-08,2.2889286334701793,3,1.0
2022-09-09,2.3171688019599945,3,1.0
2022-09-12,2.329021446524556,3,1.0
2022-09-13,2.3251806691381556,3,1.0
2022-09-14,2.3680595250791154,3,1.0
2022-09-15,2.3014753568417117,3,1.0
2022-09-16,2.252324506527796,3,1.0
2022-09-19,2.2731960979460792,3,1.0
2022-09-20,2.2648558897343745,3,1.0
2022-09-21,2.2747793723052947,3,1.0
2022-09-22,2.2207716189981834,3,1.0
2022-09-23,2.2557383944199456,1,1.0
2022-09-26,2.2810337291897573,1,1.0
2022-09-27,2.281777724147751,1,1.0
2022-09-28,2.2520185842306337,1,1.0
2022-09-29,2.243090644734713,1,1.0
2022-09-30,2.243090644734713,1,1.0
2022-10-03,2.232675209124769,1,1.0
2022-10-04,2.2021720742496584,1,1.0
2022-10-05,2.2230034392715097,1,1.0
2022-10-06,2.245322629608693,1,1.0
2022-10-07,2.2542504045039586,1,1.0
2022-10-10,2.2639223389578724,1,1.0
2022-10-11,2.2654101642732045,1,1.0
2022-10-12,2.2654101642732045,1,1.0
2022-10-13,2.250530594314646,1,1.0
2022-10-14,2.2661538300298893,1,1.0
2022-10-17,2.2430906447347123,1,1.0
2022-10-18,2.24160281941938,1,1.0
2022-10-19,2.25797054389458,1,1.0
2022-10-20,2.2594583692099124,1,1.0
2022-10-21,2.2401149941040477,1,1.0
2022-10-24,2.2423468143773735,1,1.0
2022-10-25,2.21779563916621,1,1.0
2022-10-26,2.1947322892703784,1,1.0
2022-10-27,2.211843844102917,1,1.0
2022-10-28,2.2155638188928837,1,1.0
2022-10-31,2.2341631990407547,1,1.0
2022-11-01,2.2334192040827614,1,1.0
2022-11-02,2.2430906447347123,1,1.0
2022-11-03,2.2616901894832377,1,1.0
2022-11-04,2.2616786568641265,3,1.0
2022-11-07,2.2463999999661786,3,1.0
2022-11-08,2.234847162640793,3,1.0
2022-11-09,2.2323585592069777,3,1.0
2022-11-10,2.1905627409992467,3,1.0
2022-11-11,2.18627198662852,6,1.0
2022-11-14,2.1876170926419776,6,1.0
2022-11-15,2.1967493618337333,6,1.0
2022-11-16,2.1795189981271395,6,1.0
2022-11-17,2.1482843635129716,6,1.0
2022-11-18,2.1757970509108904,1,1.0
2022-11-21,2.1780898295235676,1,1.0
2022-11-22,2.1735042722982127,1,1.0
2022-11-23,2.148284363512971,1,1.0
2022-11-25,2.1436990249390195,1,1.0
2022-11-28,2.1555856058139415,3,1.0
2022-11-29,2.163783525060803,3,1.0
2022-11-30,2.1678483328575275,3,1.0
2022-12-01,2.1369647511291245,3,1.0
2022-12-02,2.1308887299627104,3,1.0
2022-12-05,2.108679318315653,5,1.0
2022-12-06,2.110901575072551,5,1.0
2022-12-07,2.1299101951056163,5,1.0
2022-12-08,2.1485269709999693,5,1.0
2022-12-09,2.1479141460347773,5,1.0
2022-12-12,2.136552137959897,5,1.0
2022-12-13,2.1547044395325377,5,1.0
2022-12-14,2.1654349602907867,5,1.0
2022-12-15,2.1427278178127627,5,1.0
2022-12-16,2.139700908838779,5,1.0
2022-12-19,2.137143116148563,4,1.0
2022-12-20,2.1772151815645806,4,1.0
2022-12-21,2.188078165453699,4,1.0
2022-12-22,2.200751034844477,4,1.0
2022-12-23,2.211742381061161,4,1.0
2022-12-27,2.2129085983809627,5,1.0
2022-12-28,2.2035019617687257,5,1.0
2022-12-29,2.209074375444762,5,1.0
2022-12-30,2.2124806329587234,5,1.0
2023-01-03,2.197543543598583,5,1.0
2023-01-04,2.2026382340547985,5,1.0
2023-01-05,2.1833345912537423,5,1.0
2023-01-06,2.19896049293764,5,1.0
2023-01-09,2.2140617974414982,5,1.0
2023-01-10,2.2048979732470055,5,1.0
2023-01-11,2.2165871390002008,6,1.0
2023-01-12,2.233629681491794,6,1.0
2023-01-13,2.2534691897795383,6,1.0
2023-01-17,2.253195155371798,6,1.0
2023-01-18,2.2337648667852483,6,1.0
2023-01-19,2.235756208898552,6,1.0
2023-01-20,2.2353854914217517,6,1.0
2023-01-23,2.227415273347415,6,1.0
2023-01-24,2.234664801555127,6,1.0
2023-01-25,2.246301170996342,6,1.0
2023-01-26,2.259429925135156,6,1.0
2023-01-27,2.2581514830085485,6,1.0
2023-01-30,2.2504334648368607,6,1.0
2023-01-31,2.2730002017616013,6,1.0
2023-02-01,2.278055997537192,6,1.0
2023-02-02,2.2678834378220794,6,1.0
2023-02-03,2.224602880922741,6,1.0
2023-02-06,2.212750828529417,6,1.0
2023-02-07,2.2225885900590585,6,1.0
2023-02-08,2.2164706511845442,6,1.0
2023-02-09,2.210581515659511,6,1.0
2023-02-10,2.2102692446118035,6,1.0
2023-02-13,2.2263379172693294,6,1.0
2023-02-14,2.238606503344659,6,1.0
2023-02-15,2.235719828570938,6,1.0
2023-02-16,2.242663565317647,6,1.0
2023-02-17,2.2472251520242903,6,1.0
2023-02-21,2.245891884768824,6,1.0
2023-02-22,2.2386536817853115,6,1.0
2023-02-23,2.2384830129933353,6,1.0
2023-02-24,2.2119602726036662,6,1.0
2023-02-27,2.2227730749363204,6,1.0
2023-02-28,2.2278463972915654,6,1.0
2023-03-01,2.247833437487545,6,1.0
2023-03-02,2.237544417573979,6,1.0
2023-03-03,2.256929180406956,6,1.0
2023-03-06,2.2521956101614675,6,1.0
2023-03-07,2.2263402524350138,6,1.0
2023-03-08,2.225871091671984,6,1.0
2023-03-09,2.2132829110735868,6,1.0
2023-03-10,2.2153402039415853,5,1.0
2023-03-13,2.212043969763563,5,1.0
2023-03-14,2.203787580381017,5,1.0
2023-03-15,2.1782397769023385,5,1.0
2023-03-16,2.1924303914303622,5,1.0
2023-03-17,2.2221496330946295,6,1.0
2023-03-20,2.2219921816301667,6,1.0
2023-03-21,2.2222593353460995,6,1.0
2023-03-22,2.2464986127802495,6,1.0
2023-03-23,2.255985193960512,6,1.0
2023-03-24,2.2549242716640174,6,1.0
2023-03-27,2.240891236934238,6,1.0
2023-03-28,2.249114256769628,6,1.0
2023-03-29,2.2490676570648,6,1.0
2023-03-30,2.276759957943828,6,1.0
2023-03-31,2.285922962759804,6,1.0
2023-04-03,2.279499018815751,6,1.0
2023-04-04,2.301281247747012,6,1.0
2023-04-05,2.3079191587700074,6,1.0
2023-04-06,2.321024514909309,6,1.0
2023-04-10,2.3170074100100746,6,1.0
2023-04-11,2.3415913399327697,6,1.0
2023-04-12,2.340090728890573,6,1.0
2023-04-13,2.368725727296516,6,1.0
2023-04-14,2.353319737078922,6,1.0
2023-04-17,2.3675804776413036,6,1.0
2023-04-18,2.3879294245941063,6,1.0
2023-04-19,2.3786185516209115,6,1.0
2023-04-20,2.3760361685421545,6,1.0
2023-04-21,2.3593615295434516,6,1.0
2023-04-24,2.3775429313365337,6,1.0
2023-04-25,2.3593685210039927,6,1.0
2023-04-26,2.364629218602665,6,1.0
2023-04-27,2.3834606887628107,6,1.0
2023-04-28,2.3857586495224368,6,1.0
2023-05-01,2.3713065282429686,6,1.0
2023-05-02,2.36060670871013,6,1.0
2023-05-03,2.3508112574895437,6,1.0
2023-05-04,2.3634381698230835,6,1.0
2023-05-05,2.397896864477545,6,1.0
2023-05-08,2.3911262602594223,6,1.0
2023-05-09,2.404212141331642,6,1.0
2023-05-10,2.4174460529149835,6,1.0
2023-05-11,2.394696775257921,6,1.0
2023-05-12,2.3902074400087447,6,1.0
2023-05-15,2.4102561865314245,6,1.0
2023-05-16,2.396505406804615,6,1.0
2023-05-17,2.405757912880039,6,1.0
2023-05-18,2.405700092986951,6,1.0
2023-05-19,2.434042212768763,6,1.0
2023-05-22,2.424359426736539,6,1.0
2023-05-23,2.406694287065286,6,1.0
2023-05-24,2.398710512450074,6,1.0
2023-05-25,2.3907907801207355,6,1.0
2023-05-26,2.4097063742599256,6,1.0
2023-05-30,2.411764224727684,6,1.0
2023-05-31,2.404746736337171,6,1.0
2023-06-01,2.4136605437931347,6,1.0
2023-06-02,2.4232365526969932,6,1.0
2023-06-05,2.4275388436168943,6,1.0
2023-06-06,2.430995927427227,6,1.0
2023-06-07,2.4367035074387715,6,1.0
2023-06-08,2.457843782568322,6,1.0
2023-06-09,2.4564368775506065,6,1.0
2023-06-12,2.4690002986330253,6,1.0
2023-06-13,2.4670724866991187,6,1.0
2023-06-14,2.478615911379082,6,1.0
2023-06-15,2.495130594852682,6,1.0
2023-06-16,2.4934232526329203,6,1.0
2023-06-20,2.489313997535328,6,1.0
2023-06-21,2.4786000067158755,6,1.0
2023-06-22,2.472104152358268,6,1.0
2023-06-23,2.4577051434719785,6,1.0
2023-06-26,2.4397740025055215,6,1.0
2023-06-27,2.4416429123000283,6,1.0
2023-06-28,2.4329535058680194,6,1.0
2023-06-29,2.4259234278061195,6,1.0
2023-06-30,2.4489141164716792,6,1.0
2023-07-03,2.455429715888803,6,1.0
2023-07-05,2.4514035035246526,6,1.0
2023-07-06,2.4321415408718865,6,1.0
2023-07-07,2.443102033876898,6,1.0
2023-07-10,2.4457387682871743,6,1.0
2023-07-11,2.453945717421656,6,1.0
2023-07-12,2.4931785328330602,6,1.0
2023-07-13,2.5206716808543916,6,1.0
2023-07-14,2.5212244676589637,6,1.0
2023-07-17,2.518467217222792,6,1.0
2023-07-18,2.535907801049972,6,1.0
2023-07-19,2.5438058830993513,6,1.0
2023-07-20,2.524990912984047,6,1.0
2023-07-21,2.523726028970563,6,1.0
